Trend,106-AirHEATER-HIEU2,07/06/2025,18:03:27
,TagNo,Description,Units
1,20HFE30EE301.out,HPA PRS SETP BIAS PV,kPa
2,20HLA21CP001XQ01.out,FDF A O/L AIR PRS,kPa
3,20HLA22CP001XQ01.out,FDF B O/L AIR PRS,kPa
4,20HLA30CP001XQ01.out,AH O/L SECAIR PRS,kPag
5,20HLA30CP501XQ01.out,AH O/L SECAIR PRS,kPag
6,20HLD01AE004XQ00.out,AH RTDRV CURR,A
7,20HCB01CF001XQ00.out,B-SB STM FLW,t/h
8,20HCB01CT001XQ00.out,B-SB STM TEMP,degC
9,20HCB41BN001.s6,AH SOOTBLOWER HOT SIDE RETRACTED,
10,20HCB41BN002.s6,AH SOOTBLOWER COLD SIDE RETRACTED,
11,20HLD01CT001XQ01.out,AH GDBRG TEMP,degC
12,20HLD01CT002XQ01.out,AH SPT BRG TEMP,degC
13,20HLA24AA501XQ01.out,AH SECAIR BYP CDPR CDRV POSN FDBK,%
14,,,
15,,,
16,,,

Date,Time,1,2,3,4,5,6,7,8,9,10,11,12,13,14,15,16
01/05/2025,00:00:00,12.8682,4.3607,4.4635,1.9184,1.902,28.8875,2.938,288.94,1,0,48.3125,36.65,0,,,
01/05/2025,01:00:00,12.9506,4.3742,4.4679,1.9526,1.9477,28.2875,0.887,284.84,1,0,47.6312,36.7687,0,,,
01/05/2025,02:00:00,13.0032,4.5541,4.6394,1.9981,2.0059,29.1,0.828,290.04,1,1,47.8,37,0,,,
01/05/2025,03:00:00,12.8778,4.3296,4.4092,1.8823,1.8847,28.5438,0.721,278,1,1,48.6187,37.2375,0,,,
01/05/2025,04:00:00,12.9898,4.411,4.4985,1.9631,1.9545,29.4625,3.012,285.7,1,0,49.5562,37.5438,0,,,
01/05/2025,05:00:00,12.9136,4.278,4.3559,1.9106,1.9077,28.9875,2.956,290,1,0,50.4,37.7437,0,,,
01/05/2025,06:00:00,12.6985,4.2391,4.3288,1.9324,1.9456,29.7687,0.85,279.94,1,0,43.6812,37.8937,0,,,
01/05/2025,07:00:00,12.2754,2.3648,2.4011,1.0008,1.0008,27.25,0.598,292.88,1,1,43.9437,38.1187,0,,,
01/05/2025,08:00:00,11.8036,1.6906,1.7099,0.9231,0.9139,29.4437,2.623,277.44,1,1,45.7937,38.1562,35.9188,,,
01/05/2025,09:00:00,11.7025,1.6924,1.7138,0.961,0.9629,30.5625,3.43,271.34,1,0,47.3687,38.2188,50.925,,,
01/05/2025,10:00:00,11.8644,1.6416,1.6631,0.9979,0.992,28.8563,0.703,268.14,1,0,46.4937,38.175,50.9375,,,
01/05/2025,11:00:00,11.842,1.6364,1.6622,0.9833,0.9837,29.8937,0.561,250.78,1,0,41.825,38.0312,65.9688,,,
01/05/2025,12:00:00,11.8156,1.6495,1.6714,0.9618,0.9634,28.9875,0.632,247.3,1,1,45.9375,37.6688,64.3937,,,
01/05/2025,13:00:00,11.8897,1.8245,1.8455,1.0876,1.0841,29.8625,18.166,259.78,1,1,46.2687,37.3375,60.075,,,
01/05/2025,14:00:00,11.7105,1.7479,1.7667,1.0338,1.0338,28.9,3.1,255.44,1,0,47.1125,37.1125,60.5,,,
01/05/2025,15:00:00,11.8168,1.6561,1.6757,0.98,0.9955,30.575,0.717,250.64,1,0,47.225,36.825,60.3375,,,
01/05/2025,16:00:00,11.6797,1.6346,1.6534,0.9306,0.9319,29.4,0.748,247.3,1,1,46.8687,36.6812,58.6562,,,
01/05/2025,17:00:00,11.8213,1.7042,1.7234,0.992,0.994,29.8563,0.684,257.16,1,1,47.0562,36.4,57.0812,,,
01/05/2025,18:00:00,11.7081,1.7326,1.7523,1.0181,1.0176,29.3625,0.804,256.08,1,1,47.4062,36.3563,55.3187,,,
01/05/2025,19:00:00,11.8035,1.6915,1.7068,1.0382,1.0334,29.4,2.998,258.88,1,0,47.725,36.225,60.1062,,,
01/05/2025,20:00:00,11.8789,1.6841,1.7024,1.0675,1.0603,31.05,0.747,248.18,1,0,48.1875,36.0812,61.2,,,
01/05/2025,21:00:00,12.4062,2.7507,2.7879,1.3114,1.3121,28.4312,0.717,250.42,1,1,48.7625,35.875,34.5438,,,
01/05/2025,22:00:00,12.9553,4.3821,4.4626,1.9442,1.9521,31.3312,0.608,278.36,1,1,49.2625,35.6875,0,,,
01/05/2025,23:00:00,12.7917,4.2789,4.362,1.8366,1.8145,30.025,0.815,281.52,1,1,42.0687,35.4625,0,,,
02/05/2025,00:00:00,12.9156,4.3222,4.4022,1.8163,1.8213,28.3,5.764,288.38,1,1,49.325,35.4688,0,,,
02/05/2025,01:00:00,13.0202,4.4285,4.5077,1.9239,1.918,29.8625,5.628,288.44,1,1,48.0312,35.4562,0,,,
02/05/2025,02:00:00,12.8648,4.3161,4.397,1.8196,1.8158,28.3563,0.642,273.98,1,1,46.9562,35.65,0,,,
02/05/2025,03:00:00,12.9903,4.5847,4.6704,1.9902,1.9727,29.3687,9.352,290.2,1,1,46.3438,35.8,0,,,
02/05/2025,04:00:00,12.8709,4.4491,4.5388,1.909,1.9134,30.3438,2.999,286.56,1,0,46.2875,36.025,0,,,
02/05/2025,05:00:00,12.95,4.4001,4.4841,1.9351,1.9399,29.5187,11.798,292.1,1,0,46.825,36.15,0,,,
02/05/2025,06:00:00,12.8976,4.2019,4.2811,1.8117,1.8097,29.7687,0.637,280.58,1,0,48.2875,36.425,0,,,
02/05/2025,07:00:00,12.8501,4.2443,4.3266,1.7393,1.7504,29.45,0.604,284.14,1,1,49.25,36.4875,0,,,
02/05/2025,08:00:00,13.2935,4.3388,4.4268,1.8463,1.8403,28.8875,0.43,275.68,1,1,50.5187,36.8062,0,,,
02/05/2025,09:00:00,13.2678,4.3812,4.4714,1.8246,1.804,29.9375,3.209,287.9,1,0,43.6937,36.8062,0,,,
02/05/2025,10:00:00,13.4447,4.2749,4.3642,1.8327,1.8287,28.4125,0.712,288.1,1,0,44.575,36.7812,0,,,
02/05/2025,11:00:00,11.8401,2.5862,2.6124,1.2311,1.2263,30.6562,0.719,294.26,1,0,42.575,36.6688,0,,,
02/05/2025,12:00:00,11.6908,2.0187,2.0437,1.274,1.2792,29.0187,0.78,268.6,1,1,48.975,36.5687,1.575,,,
02/05/2025,13:00:00,11.8254,1.9273,1.9557,1.1791,1.1963,28.8625,0.86,258.42,1,1,49.6125,36.5125,22.4187,,,
02/05/2025,14:00:00,11.6966,1.8306,1.8551,1.1292,1.1242,28.9437,3.351,261.22,1,0,49.2937,36.4125,32.2687,,,
02/05/2025,15:00:00,11.8224,1.7672,1.7982,1.1069,1.1084,30.55,0.731,251,1,0,48.4187,36.1688,36.4188,,,
02/05/2025,16:00:00,11.8916,1.9168,1.9418,1.1955,1.1909,29.9813,0.728,241.1,1,1,46.4688,36.0125,33.7188,,,
02/05/2025,17:00:00,11.6254,1.8989,1.9225,1.1097,1.1062,28.6937,0.72,235.42,1,1,44.7875,35.7,30.7125,,,
02/05/2025,18:00:00,11.8085,1.9951,2.0205,1.1692,1.1651,29.9813,19.525,246.46,1,1,43.725,35.5,28.025,,,
02/05/2025,19:00:00,13.11,4.3515,4.4552,1.8132,1.8174,29.375,4.774,287.46,1,0,43.4,35.3438,0,,,
02/05/2025,20:00:00,13.1844,4.5064,4.5987,1.9701,1.9626,28.075,3.701,291.88,1,0,44.1812,35.2938,0,,,
02/05/2025,21:00:00,13.1408,4.6626,4.7558,2.0884,2.0827,29.4375,5.954,293.2,1,1,46.0312,35.3438,0,,,
02/05/2025,22:00:00,12.957,4.376,4.474,1.8622,1.8631,29.375,5.574,293,1,1,47.6937,35.625,0,,,
02/05/2025,23:00:00,13.0219,4.4224,4.5186,1.9305,1.9366,28.9625,0.429,277.46,1,1,49.3687,35.8563,0,,,
03/05/2025,00:00:00,12.883,4.4849,4.579,1.9554,1.9631,29.3812,5.134,293.64,1,0,46.7437,36.0062,0,,,
03/05/2025,01:00:00,13.0363,4.4893,4.5812,1.981,1.9852,30.4813,0.606,281.56,1,0,42.2937,36.0687,0,,,
03/05/2025,02:00:00,12.9772,4.4425,4.5388,1.9106,1.9099,29.975,0.518,291.4,1,1,49.5437,36.1187,0,,,
03/05/2025,03:00:00,12.973,4.4609,4.5514,1.9119,1.9099,29.0312,0.979,282.52,1,1,49.125,35.9562,0,,,
03/05/2025,04:00:00,13.0647,4.3896,4.4801,1.8909,1.8935,29.75,2.513,292.94,1,0,48.95,36.1187,0,,,
03/05/2025,05:00:00,12.9016,4.3729,4.4552,1.8909,1.9012,28.2938,3.382,293.18,1,0,49.1625,36.3812,0,,,
03/05/2025,06:00:00,13.0625,4.4031,4.4884,1.9036,1.9036,30.3375,0.297,286.08,1,0,49.2062,36.5375,0,,,
03/05/2025,07:00:00,13.0589,4.3904,4.4823,1.8959,1.8795,28.375,0.828,279.64,1,1,48.7188,36.6625,0,,,
03/05/2025,08:00:00,13.0203,4.3292,4.4106,1.8237,1.8244,29.3687,2.054,288.76,1,1,48.725,36.7562,0,,,
03/05/2025,09:00:00,11.9703,2.7008,2.7327,1.2513,1.253,28.725,2.959,305.22,1,0,47.8062,36.875,0,,,
03/05/2025,10:00:00,11.7081,1.8494,1.8748,1.2171,1.2287,29.3625,0.852,267.08,1,0,44.8438,36.8312,16.5562,,,
03/05/2025,11:00:00,11.8099,1.8696,1.8962,1.1694,1.1832,30.575,0.757,251.72,1,0,48.975,36.8812,24.175,,,
03/05/2025,12:00:00,11.88,2.115,2.1386,1.3517,1.3462,29.4562,16.943,259.32,1,1,48.975,36.7188,28.4688,,,
03/05/2025,13:00:00,11.6704,2.1141,2.1382,1.2782,1.272,29.9875,0.818,243.58,1,1,48.5625,36.5062,27.3563,,,
03/05/2025,14:00:00,11.817,1.8612,1.8914,1.1607,1.1767,29.9875,3.059,248.38,1,0,48.0312,36.4937,28.0438,,,
03/05/2025,15:00:00,11.7375,1.7278,1.7545,1.1344,1.1285,30.5562,0.718,237.5,1,0,47.4937,36.4625,33.6187,,,
03/05/2025,16:00:00,11.8977,2.5634,2.5897,1.1428,1.1565,29.9437,0.864,286.36,1,1,47.0187,36.4375,0.0125,,,
03/05/2025,17:00:00,12.9704,4.2251,4.3069,1.7981,1.813,28.325,10.941,283.6,1,1,46.4125,36.3563,0,,,
03/05/2025,18:00:00,12.892,4.2386,4.3121,1.7894,1.797,29.0187,5.004,280.28,1,1,46.4562,36.45,0,,,
03/05/2025,19:00:00,12.9427,4.1909,4.2649,1.8224,1.8224,28.65,2.939,277.5,1,0,47.2375,36.6125,0,,,
03/05/2025,20:00:00,12.8564,4.2063,4.2841,1.8373,1.8331,27.7687,0.919,274.24,1,0,47.9062,36.5812,0,,,
03/05/2025,21:00:00,12.9637,4.0842,4.1599,1.7189,1.7224,28.85,0.966,259.54,1,1,48.45,36.6375,0,,,
03/05/2025,22:00:00,13.039,4.2461,4.3178,1.8355,1.8428,29.3438,2.739,272.02,1,1,48.925,36.4188,0,,,
03/05/2025,23:00:00,12.9877,4.2137,4.2902,1.7872,1.7773,28.8312,0.412,265.82,1,1,49.25,36.3625,0,,,
04/05/2025,00:00:00,13.0824,4.2653,4.3441,1.8786,1.8791,29.9312,2.952,281.7,1,0,49.6937,36.2313,0,,,
04/05/2025,01:00:00,12.8726,4.229,4.3042,1.8178,1.8161,29.725,0.789,272.06,1,0,46.6187,36.2313,0,,,
04/05/2025,02:00:00,12.8859,4.1607,4.2329,1.804,1.8104,29.5438,0.711,258.22,1,1,43.4688,36.425,0,,,
04/05/2025,03:00:00,12.6488,4.3323,4.4167,1.8487,1.8524,29.375,0.749,260.44,1,1,42.6375,36.6,0,,,
04/05/2025,04:00:00,12.7988,4.3922,4.4709,1.9093,1.9184,29.4688,3.006,268.52,1,0,50.05,36.6937,0,,,
04/05/2025,05:00:00,12.5491,4.2268,4.2994,1.8178,1.8224,29.6688,3.258,279.06,1,0,49.1562,36.6125,0,,,
04/05/2025,06:00:00,12.6636,4.1953,4.2684,1.8029,1.8235,28.275,4.92,280.76,1,0,47.2937,36.625,0,,,
04/05/2025,07:00:00,11.8516,2.5363,2.5726,1.1996,1.2079,28.3812,0.52,288.4,1,1,45.95,36.5938,0,,,
04/05/2025,08:00:00,11.7726,1.9089,1.9391,1.1806,1.176,28.3438,0.867,263.36,1,1,44.7625,36.65,17.4625,,,
04/05/2025,09:00:00,11.889,2.1006,2.1229,1.3659,1.36,29.3687,3.088,259.72,1,0,49.75,36.6437,16.5437,,,
04/05/2025,10:00:00,11.6976,2.0433,2.0669,1.3407,1.3422,29.3875,0.853,254.72,1,0,44.1312,36.525,30.9813,,,
04/05/2025,11:00:00,11.8623,2.1167,2.1426,1.3357,1.3479,28.9062,0.673,237.6,1,0,46.9625,36.3625,26.8062,,,
04/05/2025,12:00:00,11.8174,2.2812,2.3057,1.4136,1.4033,27.6937,0.835,230.16,1,1,47.2937,36.275,18.1375,,,
04/05/2025,13:00:00,11.8302,2.1719,2.1964,1.2119,1.2305,29.4813,0.634,228.1,1,1,46.9937,36.1937,15.8187,,,
04/05/2025,14:00:00,11.8855,2.0481,2.0774,1.2611,1.2646,29.7375,3.132,236.22,1,0,46.1187,36.1437,20.275,,,
04/05/2025,15:00:00,11.7759,1.8403,1.8678,1.1495,1.1524,28.3187,0.771,228.34,1,0,44.9062,36.0875,30.725,,,
04/05/2025,16:00:00,12.3125,3.4244,3.4721,1.4761,1.4656,28.8937,21.762,245.9,1,1,44.2188,36.2,0,,,
04/05/2025,17:00:00,12.8722,4.3821,4.4635,1.8596,1.8727,29.8438,16.856,285.2,1,1,44.8875,36.1312,0,,,
04/05/2025,18:00:00,12.9037,4.3611,4.4451,1.8701,1.8561,29.8937,11.016,284.14,1,1,45.9187,36.2,0.0062,,,
04/05/2025,19:00:00,12.8161,4.3073,4.3974,1.846,1.8484,30.175,3.041,283.68,1,0,46.7375,36.15,0.0125,,,
04/05/2025,20:00:00,12.8572,4.2539,4.327,1.85,1.8589,30.375,0.802,271.08,1,0,47.4688,36.2062,0.0062,,,
04/05/2025,21:00:00,12.7886,4.2828,4.3493,1.8642,1.8613,28.8438,0.976,259.96,1,1,48.3562,36.2062,0.0062,,,
04/05/2025,22:00:00,12.5938,4.1677,4.2399,1.7198,1.7143,29.3,0.932,252.5,1,1,49.525,36.2562,0,,,
04/05/2025,23:00:00,12.7156,4.1179,4.1936,1.7272,1.7336,28.3687,2.983,271.42,1,0,47.8875,36.5625,0,,,
05/05/2025,00:00:00,12.6931,4.2067,4.2815,1.8095,1.8084,29.9875,3.432,282.78,1,0,45.0687,36.6,0,,,
05/05/2025,01:00:00,12.834,4.1761,4.25,1.7673,1.7734,28.8687,0.821,275.58,1,0,50.1,36.7062,0,,,
05/05/2025,02:00:00,12.8226,4.2028,4.2806,1.8233,1.818,29.4188,3.703,280.04,1,1,49.2,36.7375,0,,,
05/05/2025,03:00:00,12.7167,4.362,4.4408,1.8163,1.8215,27.75,0.894,268.4,1,1,47.5875,36.7125,0,,,
05/05/2025,04:00:00,12.9022,4.2277,4.2986,1.7568,1.7544,27.7625,3.008,270.46,1,0,42.2937,36.7313,0,,,
05/05/2025,05:00:00,12.8045,4.2395,4.3082,1.846,1.8574,29.9437,2.962,276.34,1,0,49.9625,36.7,0,,,
05/05/2025,06:00:00,12.8282,4.2719,4.3519,1.797,1.7946,29.3625,6.191,278.18,1,0,49.625,36.975,0,,,
05/05/2025,07:00:00,12.8273,4.2863,4.3655,1.8257,1.8202,29.925,5.049,281.32,1,1,49.3062,37.175,0,,,
05/05/2025,08:00:00,12.8386,4.2246,4.3025,1.7458,1.7288,29.7938,0.853,276.54,1,1,48.4125,37.225,0,,,
05/05/2025,09:00:00,12.8866,4.2456,4.3187,1.7828,1.7865,28.7875,2.947,277.92,1,0,45.1625,37.125,0,,,
05/05/2025,10:00:00,11.7558,2.6641,2.7021,1.1843,1.1802,29.4188,0.7,303.16,1,0,47.9688,36.9,0,,,
05/05/2025,11:00:00,11.7948,1.8595,1.8871,1.1613,1.1629,29.475,0.822,262.2,1,0,47.975,36.7,1.9875,,,
05/05/2025,12:00:00,11.8629,2.1395,2.1666,1.3569,1.3497,29.375,0.763,245.92,1,1,47.0375,36.5687,12.3125,,,
05/05/2025,13:00:00,11.6554,2.1723,2.1916,1.3333,1.3274,29.375,0.845,241.28,1,1,45.2687,36.5312,23.825,,,
05/05/2025,14:00:00,11.8057,2.1102,2.1338,1.3339,1.3237,29.1375,3.287,247.18,1,0,43.7937,36.2625,25.3562,,,
05/05/2025,15:00:00,11.9808,2.9086,2.9497,1.2443,1.2517,29.3812,3.652,266,1,0,42.95,36.0625,0,,,
05/05/2025,16:00:00,12.8997,4.4167,4.5016,1.9237,1.9243,27.6937,10.234,280,1,1,43.2062,36.0438,0,,,
05/05/2025,17:00:00,12.7823,4.2662,4.3515,1.8134,1.7981,28.2938,5.455,280.68,1,1,44.5125,36.05,0,,,
05/05/2025,18:00:00,12.7909,4.4364,4.5116,1.9051,1.9001,29.8563,2.663,277.14,1,1,46.0125,36.3563,0,,,
05/05/2025,19:00:00,12.7365,4.2811,4.3637,1.7929,1.7898,29.9375,2.946,278.16,1,0,47.1125,36.525,0,,,
05/05/2025,20:00:00,12.7378,4.355,4.4298,1.9152,1.9193,28.9125,5.535,276.46,1,0,48.3562,36.7437,0,,,
05/05/2025,21:00:00,12.7005,4.2452,4.3191,1.8226,1.8156,29.4,0.632,266.78,1,1,49.075,36.775,0,,,
05/05/2025,22:00:00,12.6184,4.2789,4.3563,1.8091,1.8075,28.2875,0.632,266.76,1,1,44.2312,36.9312,0,,,
05/05/2025,23:00:00,12.6103,4.2154,4.2911,1.7787,1.7782,29.925,2.02,278.84,1,1,49.4312,37.0438,0,,,
06/05/2025,00:00:00,12.706,4.2509,4.3266,1.8366,1.8344,28.6063,3.11,279.6,1,0,47.4,37.025,0,,,
06/05/2025,01:00:00,12.4216,4.2456,4.32,1.7918,1.797,29.375,0.781,267.04,1,0,49.9688,37.0062,0,,,
06/05/2025,02:00:00,12.5956,4.3406,4.4127,1.8651,1.8576,29.4625,5.244,285.02,1,1,49.2562,37.1,0,,,
06/05/2025,03:00:00,12.5935,4.3209,4.3952,1.8648,1.8773,28.2938,0.932,272.36,1,1,49.1062,37.325,0,,,
06/05/2025,04:00:00,12.5412,4.4666,4.5528,1.9294,1.9265,30.5625,0.935,269.32,1,1,49.4437,37.5438,0,,,
06/05/2025,05:00:00,12.6274,4.3878,4.4701,1.9018,1.8988,30.1,4.871,280.42,1,1,50.0312,37.7875,0,,,
06/05/2025,06:00:00,12.5902,4.3817,4.4657,1.8357,1.8447,29.1375,0.512,271.74,1,1,50.0375,37.8687,0,,,
06/05/2025,07:00:00,12.815,4.3576,4.4359,1.7795,1.7784,29.925,0.056,280.44,1,1,48.9375,37.7687,0,,,
06/05/2025,08:00:00,12.9776,4.4994,4.5834,1.8559,1.8624,29.3687,0.234,264.96,1,1,47.75,37.675,0,,,
06/05/2025,09:00:00,11.8277,3.0985,3.1388,1.3066,1.3136,28.7375,3.059,277.96,1,0,45.15,37.6688,0,,,
06/05/2025,10:00:00,11.8722,1.4631,1.4933,0.9419,0.9404,29.9688,0.765,297.14,1,0,48.9375,37.4625,41.1562,,,
06/05/2025,11:00:00,11.8216,1.9439,1.9706,1.2195,1.2278,29.875,0.797,249.82,1,0,49.3187,37.25,13.5,,,
06/05/2025,12:00:00,11.7869,1.8735,1.905,1.1073,1.1169,28.9375,0.669,241.82,1,1,48.7312,37.2313,32.3937,,,
06/05/2025,13:00:00,11.8955,2.1185,2.1395,1.3162,1.3059,29.2062,0.691,234.58,1,1,46.8438,37.0438,30.8875,,,
06/05/2025,14:00:00,11.6921,1.8464,1.8731,1.0959,1.0966,29.4625,3.115,243.08,1,0,45.975,36.9,19.2812,,,
06/05/2025,15:00:00,11.824,2.3351,2.3701,1.2088,1.1957,29.2562,2.234,233.78,1,0,46.1062,36.9562,11.7188,,,
06/05/2025,16:00:00,13.1179,4.3974,4.4849,1.8845,1.8948,28.7125,3.778,282.02,1,1,47.1062,37.1312,0,,,
06/05/2025,17:00:00,12.2921,4.2732,4.3441,1.8255,1.8347,28.9188,5.468,279.36,1,1,48.325,37.2625,0.0062,,,
06/05/2025,18:00:00,12.3211,4.3397,4.4254,1.8922,1.8861,29.3125,5.412,281.88,1,1,49.4688,37.5125,0,,,
06/05/2025,19:00:00,12.1285,4.1612,4.236,1.7465,1.7539,29.4562,2.931,276.12,1,0,45.5375,37.6875,0,,,
06/05/2025,20:00:00,12.203,4.0951,4.1664,1.7776,1.7662,28.8687,0.754,269.76,1,0,43.475,37.85,0,,,
06/05/2025,21:00:00,12.071,4.0606,4.1323,1.7399,1.7397,28.3187,0.84,267.6,1,1,44.1,38.0875,0,,,
06/05/2025,22:00:00,12.2268,4.0781,4.1546,1.7122,1.7207,28.3125,0.868,261.56,1,1,44.0187,38.2875,0,,,
06/05/2025,23:00:00,12.1864,4.1039,4.1752,1.7117,1.7089,29.4062,0.799,285.6,1,1,43.9187,38.5125,0,,,
07/05/2025,00:00:00,12.1094,4.068,4.1336,1.7454,1.7478,29.3812,8.573,282.72,1,0,43.5062,38.5375,0,,,
07/05/2025,01:00:00,12.1696,4.0466,4.1196,1.7432,1.736,29.2875,0.799,274.18,1,0,43.9937,38.7062,0,,,
07/05/2025,02:00:00,12.0296,4.1223,4.1844,1.7979,1.7804,29.4,0.771,265.2,1,1,43.525,38.8312,0,,,
07/05/2025,03:00:00,12.068,4.0448,4.1087,1.6754,1.6737,28.3375,0.81,261.78,1,1,42.8438,38.775,0,,,
07/05/2025,04:00:00,12.0134,4.1476,4.215,1.7622,1.7647,28.325,3.453,270.4,1,0,42.9875,38.85,0,,,
07/05/2025,05:00:00,12.0169,4.1266,4.1936,1.7533,1.7531,29.4562,5.349,282.76,1,0,43.0062,39.0375,0,,,
07/05/2025,06:00:00,12.7697,4.2609,4.3423,1.8618,1.8644,28.8937,0.591,280.96,1,0,43.1437,39.125,0,,,
07/05/2025,07:00:00,12.6262,4.3952,4.4854,1.8957,1.8939,28.95,0.593,277.64,1,1,44.1187,39.1375,0,,,
07/05/2025,08:00:00,12.8036,4.4036,4.4937,1.8885,1.8762,28.3062,0.943,261.58,1,1,44.8625,39.2312,0,,,
07/05/2025,09:00:00,12.7154,4.3161,4.4014,1.8347,1.8375,29.7625,3.066,279.44,1,0,43.225,38.9875,0,,,
07/05/2025,10:00:00,11.8828,2.7874,2.8229,1.2445,1.2543,29.95,0.877,294.42,1,0,49.35,38.925,0,,,
07/05/2025,11:00:00,11.8569,2.0336,2.0638,1.3444,1.3396,28.875,0.765,271.86,1,0,43.525,38.5438,0.0062,,,
07/05/2025,12:00:00,11.7059,1.9019,1.9282,1.2403,1.2372,29.525,0.788,259.4,1,1,47.5687,38.4562,18.6875,,,
07/05/2025,13:00:00,11.8424,2.1272,2.1526,1.4475,1.449,29.3937,0.763,259,1,1,48.1312,38.2,29.95,,,
07/05/2025,14:00:00,12.68,3.9061,3.9691,1.7561,1.7627,29.4562,19.986,289.16,1,0,47.8312,38.125,0,,,
07/05/2025,15:00:00,12.9958,4.2999,4.3869,1.8679,1.8596,27.8687,1.431,282.72,1,0,47.6562,37.9312,0,,,
07/05/2025,16:00:00,12.9937,4.1402,4.2172,1.7979,1.7988,29.45,0.808,287.9,1,1,48.3625,37.7938,0,,,
07/05/2025,17:00:00,12.8459,4.1848,4.2587,1.7555,1.7358,28.3563,0.786,286.92,1,1,49.9937,37.7687,0,,,
07/05/2025,18:00:00,12.9529,4.0724,4.1419,1.7478,1.757,30.1063,0.836,271.28,1,1,48.5062,37.9312,0,,,
07/05/2025,19:00:00,12.8835,4.1087,4.1752,1.7804,1.7892,29.1688,2.904,284.54,1,0,44.7312,37.9125,0,,,
07/05/2025,20:00:00,13.0886,4.1463,4.2154,1.7946,1.7859,29.7437,0.83,277.26,1,0,50.1125,38.1125,0,,,
07/05/2025,21:00:00,13.0416,3.9967,4.0645,1.6957,1.7062,28.3687,0.546,274.62,1,1,50.0938,38.2875,0,,,
07/05/2025,22:00:00,12.9502,4.0676,4.138,1.748,1.748,29.7375,0.915,278.16,1,1,47.5312,38.625,0,,,
07/05/2025,23:00:00,12.9885,4.0426,4.1236,1.7638,1.7585,29.4688,5.92,276.76,1,1,43.9688,38.7125,0,,,
08/05/2025,00:00:00,12.9491,4.1332,4.2111,1.7874,1.7981,29.9375,3.099,280.96,1,1,44.9812,38.8687,0,,,
08/05/2025,01:00:00,12.9145,4.1844,4.2574,1.8876,1.8959,29.9437,2.856,281.04,1,0,44.325,38.8563,0,,,
08/05/2025,02:00:00,12.7353,4.1616,4.2356,1.8189,1.8165,29.9437,0.799,286.04,1,0,44.6875,38.8438,0,,,
08/05/2025,03:00:00,12.6706,3.8913,3.9499,1.7303,1.7329,28.7188,5.112,278.54,1,1,45.225,38.875,0,,,
08/05/2025,04:00:00,12.8526,4.1437,4.2159,1.8237,1.8255,29.3937,20.403,282.26,1,0,46.2875,38.9375,0,,,
08/05/2025,05:00:00,12.9573,4.1467,4.2224,1.8224,1.8272,29.8187,7.769,283.98,1,0,45.975,38.9062,0,,,
08/05/2025,06:00:00,13.1692,4.1174,4.1909,1.8587,1.853,28.85,0.822,273.82,1,0,46.6062,38.8687,0,,,
08/05/2025,07:00:00,12.1278,2.7647,2.8058,1.2228,1.2193,29.85,0.698,274.18,1,1,48.625,39.0375,0,,,
08/05/2025,08:00:00,13.1086,4.1743,4.2531,1.7671,1.7789,29.1375,0.667,260.26,1,1,48.9375,39.1562,0,,,
08/05/2025,09:00:00,11.9036,2.4742,2.5136,1.241,1.2302,31.1187,2.842,306.22,1,0,47.375,39.0437,0,,,
08/05/2025,10:00:00,11.6998,1.9291,1.9553,1.2591,1.2633,29.5187,0.776,285,1,0,49.475,38.775,0.0125,,,
08/05/2025,11:00:00,11.7782,1.9186,1.9418,1.2768,1.2694,28.3375,0.856,283.88,1,0,49.5938,38.5375,5.0375,,,
08/05/2025,12:00:00,11.8785,2.0717,2.0957,1.4015,1.4066,29.9062,0.797,276.4,1,1,49.2937,38.3375,4.65,,,
08/05/2025,13:00:00,11.7339,1.8871,1.9133,1.2587,1.2626,30.4813,0.781,267.78,1,1,47.9812,38.1375,8.2812,,,
08/05/2025,14:00:00,11.8018,1.8451,1.8713,1.225,1.2331,29.4625,3.167,284.1,1,0,46.4812,38.0438,0.7625,,,
08/05/2025,15:00:00,12.916,4.2819,4.3686,1.9736,1.9738,29.9688,5.832,255.48,1,0,46.5312,37.9188,0.0125,,,
08/05/2025,16:00:00,12.8515,4.1349,4.2141,1.8725,1.8618,30.4875,5.834,276.48,1,1,47.525,37.9875,0.0125,,,
08/05/2025,17:00:00,12.7793,3.9713,4.0417,1.7671,1.7769,29.5062,3.859,273.64,1,1,48.725,38.0562,0.0125,,,
08/05/2025,18:00:00,12.7952,4.0151,4.0859,1.7938,1.797,30.5812,0.71,275.2,1,1,43.9812,38.2812,0.0125,,,
08/05/2025,19:00:00,12.9194,3.9411,4.0138,1.7524,1.7544,31.225,2.937,281.66,1,0,50.1687,38.4312,0.0125,,,
08/05/2025,20:00:00,12.8449,3.8304,3.9009,1.664,1.6605,29.425,0.7,271.64,1,0,50.2,38.6625,0.0125,,,
08/05/2025,21:00:00,13.0618,3.9416,4.0098,1.7307,1.7216,29.4562,0.886,276.46,1,1,49.9,38.7938,0.0062,,,
08/05/2025,22:00:00,13.1504,4.0063,4.0711,1.8217,1.8156,30.1937,0.89,262.26,1,1,48.9375,38.8438,0.0125,,,
08/05/2025,23:00:00,12.9401,3.8838,3.9551,1.7148,1.7148,30.4875,0.78,281.58,1,1,47.7437,38.7188,0.0125,,,
09/05/2025,00:00:00,13.0736,3.851,3.9241,1.6675,1.6612,29.8937,2.913,283.86,1,0,47.225,38.8438,0.0062,,,
09/05/2025,01:00:00,12.9688,3.9136,3.9849,1.7408,1.7373,29.3062,2.116,281.72,1,0,45.8562,38.9062,0.0125,,,
09/05/2025,02:00:00,12.9911,3.8029,3.8685,1.6931,1.6787,28.9062,0.778,270.22,1,1,45.8812,38.8687,0.0062,,,
09/05/2025,03:00:00,13.062,3.8545,3.9232,1.7443,1.7294,28.4688,0.718,266.2,1,1,48.3875,39.1,0.0062,,,
09/05/2025,04:00:00,12.7809,3.8396,3.9061,1.7237,1.7161,28.525,3.228,283.24,1,0,49.9812,39.3687,0.0125,,,
09/05/2025,05:00:00,12.9679,3.9477,4.0089,1.7997,1.7964,29.925,3.029,281.9,1,0,43.5062,39.5125,0.0062,,,
09/05/2025,06:00:00,12.7865,3.7512,3.8142,1.6408,1.6349,29.4562,1.076,283.84,1,0,44.0125,39.4625,0.0125,,,
09/05/2025,07:00:00,12.2139,2.8727,2.9218,1.293,1.2941,29.1625,0.733,293.24,1,1,43.6,39.3062,0.0125,,,
09/05/2025,08:00:00,12.8842,3.9175,3.9853,1.7441,1.7474,29.9188,0.881,270.74,1,1,44.9187,39.2625,0,,,
09/05/2025,09:00:00,11.7995,2.3014,2.3394,1.0524,1.0404,28.8812,8.701,292.72,1,0,47.3438,39.225,0.0125,,,
09/05/2025,10:00:00,11.7321,1.9107,1.9391,1.2572,1.267,29.4062,16.551,286.6,1,0,46.0687,38.9312,0.0062,,,
09/05/2025,11:00:00,11.8171,1.8932,1.9234,1.2722,1.2736,30.525,0.827,268.72,1,0,49.4062,38.7062,3.4625,,,
09/05/2025,12:00:00,11.8835,2.0152,2.0389,1.3974,1.393,29.4,0.851,267.4,1,1,49.7687,38.625,11.7687,,,
09/05/2025,13:00:00,11.6885,1.9627,1.9881,1.3528,1.3558,29.5,0.744,266.74,1,1,48.9375,38.3563,15.1312,,,
09/05/2025,14:00:00,11.8315,1.9973,2.0222,1.3549,1.3536,28.8937,3.2,283.56,1,0,47.8625,38.3,2.5312,,,
09/05/2025,15:00:00,11.7287,2.0516,2.0839,1.4011,1.4022,29.3812,0.807,289.46,1,0,48.1625,38.3062,0,,,
09/05/2025,16:00:00,12.9759,3.9022,3.9783,1.7787,1.783,29.4625,3.175,245.98,1,1,49.15,38.4813,0.0125,,,
09/05/2025,17:00:00,12.8486,3.9599,4.0286,1.7948,1.7968,28.525,6.202,273.66,1,1,44.6625,38.625,0.0062,,,
09/05/2025,18:00:00,12.9612,4.0654,4.1406,1.8718,1.8616,28.9125,5.828,284.06,1,1,49.425,38.6312,0.0125,,,
09/05/2025,19:00:00,12.9176,3.9179,3.9897,1.8165,1.8082,29.875,3.005,283.42,1,0,47.6625,38.7687,0.0125,,,
09/05/2025,20:00:00,12.7804,3.8987,3.9665,1.7653,1.762,28.8438,0.899,283.66,1,0,47.1687,38.9688,0.0062,,,
09/05/2025,21:00:00,12.8602,3.8392,3.9035,1.7671,1.7848,29.775,0.769,266.52,1,1,48.6375,39.2125,0.0125,,,
09/05/2025,22:00:00,12.7728,4.0339,4.1056,1.8018,1.7955,29.2812,0.995,276.62,1,1,49.5,39.3812,0.0062,,,
09/05/2025,23:00:00,12.9181,3.9805,4.0466,1.7881,1.8018,28.9562,1.881,285.4,1,1,43.6937,39.5312,0.0125,,,
10/05/2025,00:00:00,12.9365,3.9241,3.998,1.8027,1.8095,29.0812,3.173,280.16,1,0,44.6625,39.4437,0.0062,,,
10/05/2025,01:00:00,12.7982,3.8589,3.9297,1.7316,1.7318,29.3062,0.389,280.84,1,0,42.825,39.2812,0.0125,,,
10/05/2025,02:00:00,12.8708,3.9547,4.0208,1.8296,1.8244,29.9813,0.887,265.2,1,1,50.1375,39.0875,0.0125,,,
10/05/2025,03:00:00,12.8148,3.9018,3.9787,1.776,1.7771,29.4,0.904,278.54,1,1,50.4437,39.025,0.0125,,,
10/05/2025,04:00:00,12.874,3.8479,3.9136,1.7509,1.7272,30.275,6.521,276.54,1,0,43.825,39.1,0.0062,,,
10/05/2025,05:00:00,13.1203,3.739,3.8011,1.7198,1.7229,28.35,9.079,281.18,1,0,45.4187,39.1125,0.0125,,,
10/05/2025,06:00:00,12.8797,3.7889,3.8471,1.7167,1.7095,29.4,5.65,283,1,0,47.0125,39.2812,0.0125,,,
10/05/2025,07:00:00,12.8939,3.746,3.8121,1.6872,1.6842,30.575,5.485,280.88,1,1,47.9062,39.2312,0.0125,,,
10/05/2025,08:00:00,12.8995,3.8641,3.9284,1.7522,1.7568,29.9813,0.84,289.12,1,1,48.275,39.2312,0.0125,,,
10/05/2025,09:00:00,13.0151,3.683,3.7517,1.6328,1.6266,29.9625,3.248,277.3,1,0,46.8312,39.0875,0.0062,,,
10/05/2025,10:00:00,13.1583,3.7954,3.8624,1.7117,1.7006,30.5438,2.802,279.38,1,0,43.7937,38.9,0.0062,,,
10/05/2025,11:00:00,11.9702,2.3661,2.395,1.0498,1.048,28.7562,2.008,283.7,1,0,48.4125,38.6812,0.0125,,,
10/05/2025,12:00:00,11.8447,1.3555,1.3822,0.9157,0.9327,29.4125,8.927,269.04,1,1,49.4062,38.5812,6.075,,,
10/05/2025,13:00:00,11.7276,1.7996,1.8271,1.2228,1.2156,30.1625,0.792,268.44,1,1,42.8125,38.4188,0.0125,,,
10/05/2025,14:00:00,11.8181,1.9172,1.9365,1.2841,1.2902,29.8375,2.96,286.54,1,0,47.8625,38.3438,7.2375,,,
10/05/2025,15:00:00,11.906,2.1697,2.2034,1.0579,1.0502,29.9312,5.746,302.86,1,0,49.5,38.5062,0.0125,,,
10/05/2025,16:00:00,12.9395,3.9193,3.9949,1.7999,1.7903,29.4,0.74,285.48,1,1,46.675,38.6688,0.0062,,,
10/05/2025,17:00:00,12.1757,3.1497,3.1961,1.3893,1.3967,28.9062,0.68,279.78,1,1,46.1875,38.9125,0,,,
10/05/2025,18:00:00,11.8459,2.2847,2.311,1.1287,1.1382,29.425,0.791,293.76,1,1,48.7687,39.0187,0,,,
10/05/2025,19:00:00,12.997,3.9556,4.0299,1.7999,1.7973,30.5375,3.1,289.16,1,0,49.8687,39.0062,0,,,
10/05/2025,20:00:00,13.1171,4.1253,4.2137,1.8869,1.8937,28.4688,0.932,280.88,1,0,46.9062,38.95,0,,,
10/05/2025,21:00:00,12.9805,3.6966,3.7547,1.6704,1.7001,29.9937,0.81,261.78,1,1,48.4,38.7812,0,,,
10/05/2025,22:00:00,12.8892,3.8212,3.8803,1.7154,1.7329,29.9688,0.868,272.68,1,1,49.1625,38.7313,0,,,
10/05/2025,23:00:00,12.9457,3.6261,3.6957,1.6096,1.5956,29.5375,0.984,269.82,1,1,44.3875,38.7188,0,,,
11/05/2025,00:00:00,13.0115,3.8755,3.942,1.7983,1.7973,29.8625,3.409,286.4,1,0,49.5812,38.7437,0,,,
11/05/2025,01:00:00,12.9095,3.8418,3.9057,1.757,1.7607,28.9688,0.883,278.58,1,0,50.275,38.95,0,,,
11/05/2025,02:00:00,12.0973,2.4694,2.5096,1.1051,1.1069,30.05,0.768,281.34,1,1,43.5938,39.1812,0,,,
11/05/2025,03:00:00,11.9405,2.3648,2.3994,1.1395,1.129,29.4625,0.881,299.06,1,1,46.0687,39.375,0,,,
11/05/2025,04:00:00,11.7907,1.9387,1.9601,1.1819,1.1786,29.9875,3.035,303.44,1,0,48.55,39.5812,15.0062,,,
11/05/2025,05:00:00,13.0914,3.844,3.9101,1.7863,1.7719,28.8062,2.904,289,1,0,49.5938,39.8,0,,,
11/05/2025,06:00:00,12.8371,3.9035,3.9722,1.8357,1.8371,30.7437,0.806,278.18,1,0,50.125,40.0312,0,,,
11/05/2025,07:00:00,11.8266,1.9006,1.9273,0.9677,0.9697,29.4062,0.862,288.28,1,1,50,39.925,15.375,,,
11/05/2025,08:00:00,11.8485,1.8989,1.933,1.2589,1.2635,29.4625,0.841,266.76,1,1,49.125,39.7875,9.65,,,
11/05/2025,09:00:00,11.7415,1.8735,1.9015,1.2932,1.2834,29.9312,3.071,287.46,1,0,47.1375,39.4937,24.3125,,,
11/05/2025,10:00:00,11.8056,1.8647,1.8923,1.2508,1.258,31.1312,0.881,289.94,1,0,49.4125,39.2125,24.725,,,
11/05/2025,11:00:00,11.8239,1.9151,1.9457,1.3344,1.3289,29.475,0.825,270.86,1,0,49.6062,38.9375,19.5812,,,
11/05/2025,12:00:00,11.6669,1.8958,1.9282,1.2932,1.2976,31.0438,0.865,285.6,1,1,49.2125,38.6812,12.325,,,
11/05/2025,13:00:00,11.775,1.9553,1.9741,1.3374,1.3484,30.575,0.829,267.46,1,1,48.3375,38.4375,15.1,,,
11/05/2025,14:00:00,11.7704,1.9164,1.9422,1.3237,1.325,29.8687,3.097,279.94,1,0,47.1875,38.3187,15.2312,,,
11/05/2025,15:00:00,11.8446,1.9492,1.9767,1.335,1.3346,29.4125,0.765,271.88,1,0,47.175,38.2188,4.8062,,,
11/05/2025,16:00:00,11.8339,1.9313,1.9588,1.3132,1.3147,29.925,0.8,260.28,1,1,48.0938,38.25,9.3625,,,
11/05/2025,17:00:00,11.7167,1.8529,1.8857,1.2821,1.2858,31.1688,0.735,276.54,1,1,49.3937,38.2188,3.9438,,,
11/05/2025,18:00:00,11.7873,1.9111,1.94,1.3276,1.3215,30.4937,18.111,275.98,1,1,47.3375,38.5187,16.1687,,,
11/05/2025,19:00:00,12.9504,4.1572,4.2443,1.948,1.9696,29.4,12.261,268.26,1,0,45.15,38.5125,0,,,
11/05/2025,20:00:00,11.9273,2.4173,2.4558,1.1226,1.1246,29.925,5.12,289.92,1,0,45.15,38.5438,0,,,
11/05/2025,21:00:00,11.8708,2.0148,2.038,1.3681,1.3665,30.5312,16.764,287.14,1,1,44.3687,38.6375,0.0062,,,
11/05/2025,22:00:00,11.6959,1.9404,1.9711,1.3606,1.3567,31.2125,0.789,271.44,1,1,42.5375,38.6625,0,,,
11/05/2025,23:00:00,11.8122,1.933,1.9606,1.3407,1.344,29.6437,0.731,266.36,1,1,50.2125,38.6375,14.55,,,
12/05/2025,00:00:00,11.8956,1.9614,1.9877,1.391,1.3888,29.7437,3.098,285.82,1,0,48.775,38.5438,18.5375,,,
12/05/2025,01:00:00,11.7399,1.8464,1.8704,1.0762,1.0767,29.925,0.751,258.58,1,0,46.275,38.4937,26.6125,,,
12/05/2025,02:00:00,11.7906,1.8175,1.8468,0.9437,0.9352,27.8,0.902,250.58,1,1,43.525,38.5812,8.1187,,,
12/05/2025,03:00:00,11.7703,1.8884,1.9234,1.0139,1.0119,29.95,1.191,260.34,1,1,49.5062,38.6437,3.0625,,,
12/05/2025,04:00:00,11.7918,1.9942,2.0262,1.0784,1.0651,28.75,3.12,303.38,1,0,46.6312,38.425,1.8312,,,
12/05/2025,05:00:00,11.8615,1.9649,1.9969,1.0539,1.0771,29.1437,7.516,313.54,1,0,48.9875,38.3812,2.8312,,,
12/05/2025,06:00:00,12.9587,3.9429,4.0138,1.8084,1.8139,29.9125,19.744,287.46,1,0,44.2437,38.25,0,,,
12/05/2025,07:00:00,11.9823,2.3066,2.3412,1.076,1.0835,30.3812,4.991,290.44,1,1,49.3187,38.2437,0,,,
12/05/2025,08:00:00,13.2547,3.9595,4.0444,1.7535,1.7535,29.9813,0.659,287.72,1,1,46.8375,38.2,0,,,
12/05/2025,09:00:00,11.8254,2.325,2.3604,1.0482,1.0469,29.3625,2.98,297.5,1,0,42.7125,38.175,0,,,
12/05/2025,10:00:00,11.7786,1.6806,1.7016,0.9503,0.9345,29.8937,0.891,261.04,1,0,48.7312,38.0187,7.625,,,
12/05/2025,11:00:00,11.8334,1.6508,1.6731,0.994,0.9949,29.4188,0.877,252.78,1,0,49.9812,37.8563,19.9688,,,
12/05/2025,12:00:00,11.7625,1.6915,1.7208,0.9894,0.9796,29.75,0.758,250.06,1,1,46.6062,37.6812,24.3062,,,
12/05/2025,13:00:00,11.7727,1.7033,1.7331,0.9837,0.9885,29.4125,0.565,246.8,1,1,46.85,37.4312,27.4312,,,
12/05/2025,14:00:00,11.9544,2.3884,2.4156,1.0837,1.076,31.375,3.043,290.22,1,0,45.7937,37.1187,0,,,
12/05/2025,15:00:00,13.1941,3.8545,3.9385,1.7336,1.729,30.5187,0.974,286,1,0,44.5938,36.7,0,,,
12/05/2025,16:00:00,13.1423,3.8926,3.9722,1.7892,1.7962,30.5687,0.762,274.2,1,1,43.3438,36.5187,0,,,
12/05/2025,17:00:00,12.9564,3.8392,3.9158,1.7408,1.7327,29.4062,0.708,278.12,1,1,42.55,36.1437,0,,,
12/05/2025,18:00:00,12.962,3.8217,3.8956,1.7334,1.724,29.625,0.88,261.2,1,1,42.075,35.825,0,,,
12/05/2025,19:00:00,12.8586,3.8453,3.9197,1.7688,1.7483,29.8937,2.986,281.14,1,0,42.0625,35.6562,0,,,
12/05/2025,20:00:00,12.8787,3.7683,3.8436,1.7108,1.7117,29.25,0.881,270.4,1,0,42.4125,35.4813,0,,,
12/05/2025,21:00:00,12.96,3.8667,3.9389,1.7496,1.7426,28.65,9.127,280.72,1,1,43.9125,35.3875,0,,,
12/05/2025,22:00:00,12.7791,3.9521,4.026,1.8084,1.8005,29.225,16.99,285.06,1,1,45.4812,35.5375,0,,,
12/05/2025,23:00:00,12.7673,3.7849,3.8549,1.7062,1.6982,29.4562,0.548,270.9,1,1,46.875,35.5625,0,,,
13/05/2025,00:00:00,12.8305,3.984,4.0557,1.8574,1.8528,29.0438,3.286,276.3,1,0,47.5938,35.4937,0,,,
13/05/2025,01:00:00,12.7278,3.823,3.8956,1.7395,1.7323,29.85,0.695,278.14,1,0,48.0812,35.5062,0,,,
13/05/2025,02:00:00,12.8793,3.9079,3.9779,1.7948,1.7883,28.3438,0.705,265.58,1,1,48.3687,35.4062,0,,,
13/05/2025,03:00:00,13.027,3.9455,4.0159,1.8456,1.8438,29.3187,5.156,281.64,1,1,48.8812,35.2437,0,,,
13/05/2025,04:00:00,12.9453,3.8112,3.8816,1.7025,1.7036,28.9562,2.891,282.12,1,0,49.7875,35.4375,0,,,
13/05/2025,05:00:00,13.0704,3.8869,3.9564,1.8119,1.8121,30.025,20.133,282.2,1,0,47.3875,35.4125,0,,,
13/05/2025,06:00:00,12.9108,3.8628,3.9324,1.7677,1.7677,29.425,0.614,270.82,1,0,49.5562,35.475,0,,,
13/05/2025,07:00:00,11.8982,2.2121,2.2467,1.0312,1.0213,29.3625,0.646,287.28,1,1,44.6,35.4188,0,,,
13/05/2025,08:00:00,13.0391,3.8239,3.8996,1.6702,1.6688,28.3312,0.987,290.66,1,1,49.025,35.4125,0,,,
13/05/2025,09:00:00,11.7025,1.9956,2.0306,0.9822,0.9767,29.75,8.386,300.88,1,0,45.1875,35.525,3.3375,,,
13/05/2025,10:00:00,11.8074,1.7711,1.7952,0.8448,0.8566,29.3563,1.092,303.38,1,0,49.8375,35.6437,10.0625,,,
13/05/2025,11:00:00,11.8747,1.8017,1.8241,0.9266,0.9306,29.475,0.833,285.1,1,0,47.4625,35.7375,13.6062,,,
13/05/2025,12:00:00,11.6898,1.6967,1.7287,1.1412,1.1403,29.9813,0.858,261.2,1,1,48.75,35.7375,10.3562,,,
13/05/2025,13:00:00,11.7981,1.6714,1.7016,1.1058,1.1165,29.9813,0.822,261.76,1,1,48.9125,35.8,15.0562,,,
13/05/2025,14:00:00,11.8289,1.7169,1.7427,1.1541,1.1417,29.4062,3.185,291.84,1,0,48.4062,35.7687,11.45,,,
13/05/2025,15:00:00,11.7729,1.6526,1.6854,1.0782,1.083,31.0562,0.873,278.32,1,0,47.3937,35.6875,10.6062,,,
13/05/2025,16:00:00,13.1451,3.9569,4.0312,1.8452,1.8469,29.4188,0.721,262.54,1,1,46.2375,35.575,0,,,
13/05/2025,17:00:00,12.6201,3.8291,3.9018,1.6853,1.6953,29.9188,0.88,281.7,1,1,45.2562,35.4937,0,,,
13/05/2025,18:00:00,12.1415,3.8177,3.8878,1.771,1.7568,29.7562,5.216,279.58,1,1,45.5562,35.5875,0,,,
13/05/2025,19:00:00,12.1842,3.6699,3.7351,1.7041,1.7001,29.3563,2.938,284.04,1,0,46.4812,35.6125,0,,,
13/05/2025,20:00:00,12.0489,3.7758,3.8401,1.7128,1.7148,29.9688,0.857,272.76,1,0,47.6062,35.9125,0,,,
13/05/2025,21:00:00,12.0326,4.1083,4.1765,2.0024,2.0081,29.9437,0.813,283.6,1,1,48.7188,36.175,0,,,
13/05/2025,22:00:00,12.7605,3.7762,3.8436,1.6929,1.71,29.6625,3.739,280.32,1,1,49.4937,36.1063,0,,,
13/05/2025,23:00:00,12.874,3.7381,3.8064,1.6684,1.6607,29.4,9.503,277.74,1,1,43.3438,36.2687,0,,,
14/05/2025,00:00:00,12.8271,3.9053,3.9696,1.7968,1.7948,27.7437,7.378,286.94,1,0,49.8375,36.4188,0,,,
14/05/2025,01:00:00,12.8553,3.7911,3.8632,1.7181,1.7246,29.4562,0.762,274.28,1,0,49.7687,36.6437,0,,,
14/05/2025,02:00:00,12.8665,3.9293,3.9976,1.8123,1.8235,30.55,0.731,281.54,1,1,49.9,36.7,0,,,
14/05/2025,03:00:00,12.8979,3.8829,3.9516,1.7603,1.7671,30.5562,0.872,268.46,1,1,49.3562,36.8937,0,,,
14/05/2025,04:00:00,12.9793,4.04,4.1083,1.8773,1.8627,28.9,20.568,279.26,1,0,49.1625,36.925,0,,,
14/05/2025,05:00:00,12.8917,3.9949,4.0658,1.8292,1.8279,29.8375,2.924,282.48,1,0,48.5562,36.8937,0,,,
14/05/2025,06:00:00,12.6548,3.7202,3.7898,1.6763,1.6717,29.6812,0.79,283.26,1,0,48.4312,37,0,,,
14/05/2025,07:00:00,11.9158,2.2821,2.3176,1.1027,1.1121,28.2875,0.788,285.36,1,1,48.85,37.15,0,,,
14/05/2025,08:00:00,13.0708,3.9626,4.0317,1.7202,1.7178,29.6125,5.665,286.44,1,1,48.375,37.2938,0,,,
14/05/2025,09:00:00,11.8712,2.2756,2.3141,1.0607,1.064,29.6312,3.007,292.64,1,0,46.9937,37.3,0,,,
14/05/2025,10:00:00,11.8341,1.4697,1.4951,0.9732,0.9726,29.9375,0.837,270.4,1,0,49.975,37.1437,25.1687,,,
14/05/2025,11:00:00,11.7952,1.7304,1.7536,0.9251,0.9253,29.1875,0.922,271.5,1,0,46.6812,37.025,43.2062,,,
14/05/2025,12:00:00,11.8238,1.7129,1.7366,0.9183,0.9061,29.075,0.696,275.82,1,1,47.6562,36.8875,45.4187,,,
14/05/2025,13:00:00,11.7114,1.8591,1.8857,1.2703,1.267,29.2313,0.774,274.36,1,1,47.375,36.6812,36.9188,,,
14/05/2025,14:00:00,12.9124,3.7749,3.8449,1.6767,1.6664,29.4562,2.997,297.5,1,0,46.7125,36.5125,0,,,
14/05/2025,15:00:00,11.9113,2.0148,2.0389,0.9177,0.9144,28.4625,0.888,284.38,1,0,46.3562,36.4125,0,,,
14/05/2025,16:00:00,13.0259,3.8169,3.8847,1.7062,1.7097,28.3375,0.636,281.56,1,1,46.45,36.4,0,,,
14/05/2025,17:00:00,13.1368,3.8405,3.9162,1.7338,1.7404,28.3937,1.882,276.26,1,1,46.9062,36.5812,0,,,
14/05/2025,18:00:00,13.0909,3.9171,3.9906,1.7771,1.7848,29.3,0.974,270.2,1,1,48.2625,36.7313,0,,,
14/05/2025,19:00:00,13.0513,3.8313,3.8978,1.7404,1.7373,29.9875,3.137,278.02,1,0,49.7687,37.0812,0,,,
14/05/2025,20:00:00,13.002,3.893,3.9621,1.7988,1.8023,29.6625,0.67,274.48,1,0,47.5812,37.3,0,,,
14/05/2025,21:00:00,12.8352,4.033,4.1048,1.843,1.8423,27.7313,16.591,286.12,1,1,49.7875,37.2625,0,,,
14/05/2025,22:00:00,12.939,3.9656,4.0374,1.7697,1.7692,29.0062,0.773,288.5,1,1,47.3125,37.1187,0,,,
14/05/2025,23:00:00,12.9846,3.872,3.9429,1.7603,1.7651,29.4625,0.827,280.84,1,1,49.85,37.1125,0,,,
15/05/2025,00:00:00,13.0428,3.9136,3.9897,1.7609,1.7563,29.5438,5.34,279.66,1,0,48.5687,37.0812,0,,,
15/05/2025,01:00:00,12.9565,3.9849,4.0557,1.8261,1.8156,28.9188,0.764,272.66,1,0,48.1812,37.1562,0,,,
15/05/2025,02:00:00,12.952,3.8921,3.9669,1.7614,1.7631,29.4062,0.764,258.8,1,1,48.45,37.2875,0,,,
15/05/2025,03:00:00,12.9379,3.8628,3.9332,1.7539,1.7537,29.4125,0.895,287.12,1,1,49.1875,37.4875,0,,,
15/05/2025,04:00:00,12.9946,3.8934,3.9621,1.7903,1.7957,30.5,8.636,284.1,1,0,49.9812,37.6063,0,,,
15/05/2025,05:00:00,12.9106,3.9044,3.9774,1.7784,1.7679,29.4,16.931,284.26,1,0,44.8562,37.9375,0,,,
15/05/2025,06:00:00,12.9608,3.8401,3.9114,1.7316,1.7384,28.3375,6.066,285.24,1,0,43.5625,38.05,0,,,
15/05/2025,07:00:00,11.9059,2.2213,2.2607,0.9947,0.9883,29.925,0.733,292.54,1,1,44.4688,38.1187,0,,,
15/05/2025,08:00:00,12.1883,2.6798,2.7249,1.2156,1.2176,28.9062,0.64,315.18,1,1,44.2937,38.1375,0,,,
15/05/2025,09:00:00,11.7596,1.6285,1.6517,0.8831,0.8934,29.9437,2.881,311.64,1,0,49.9437,38.1063,34.2562,,,
15/05/2025,10:00:00,11.873,1.6635,1.6893,0.9349,0.9404,30.0375,0.798,312.16,1,0,47.45,37.9562,44,,,
15/05/2025,11:00:00,11.7065,1.6171,1.6377,0.9028,0.8962,27.6875,0.878,292.98,1,0,48.925,37.7313,43.6625,,,
15/05/2025,12:00:00,11.817,1.618,1.6412,0.9004,0.9008,28.4188,0.786,287.14,1,1,49.15,37.6562,41.5312,,,
15/05/2025,13:00:00,11.894,1.7318,1.7541,0.9993,0.9986,29.4625,0.8,285.12,1,1,48.7875,37.4312,41.4437,,,
15/05/2025,14:00:00,11.7191,1.9177,1.9553,0.968,0.9752,29.3625,2.922,311.12,1,0,48.0125,37.3125,23.0812,,,
15/05/2025,15:00:00,12.6618,3.6182,3.6891,1.5337,1.5365,28.7812,0.784,301.68,1,0,47,37.175,0,,,
15/05/2025,16:00:00,12.909,3.9897,4.0623,1.8134,1.8169,29.9125,0.755,282.04,1,1,46.7062,37.0625,0,,,
15/05/2025,17:00:00,12.826,4.0002,4.0693,1.8452,1.8353,29.3687,18.033,276.2,1,1,47.0687,37.075,0,,,
15/05/2025,18:00:00,12.889,3.956,4.0334,1.8301,1.8296,30.5,0.827,268.58,1,1,47.9937,37.2375,0,,,
15/05/2025,19:00:00,12.798,4.0116,4.0877,1.8662,1.8616,28.3438,3.302,278.7,1,0,49.5938,37.4375,0,,,
15/05/2025,20:00:00,12.7917,3.9551,4.0352,1.7975,1.8058,30.925,11.64,283.34,1,0,46.275,37.6312,0,,,
15/05/2025,21:00:00,12.9948,4.0579,4.1354,1.9068,1.9029,29.9312,5.475,279.82,1,1,43.3062,37.7313,0,,,
15/05/2025,22:00:00,12.8081,3.8904,3.9682,1.7868,1.7795,30.6,0.148,276.22,1,1,45.3062,37.75,0,,,
15/05/2025,23:00:00,12.8256,3.8808,3.956,1.7555,1.7432,29.9937,0.76,276.6,1,1,49.2188,37.775,0,,,
16/05/2025,00:00:00,12.8675,3.9,3.9752,1.7865,1.7758,29.3937,3.05,287.52,1,0,48.4437,37.6937,0,,,
16/05/2025,01:00:00,12.6737,3.8777,3.9459,1.7546,1.7524,29.95,0.641,274.88,1,0,49.325,37.8625,0,,,
16/05/2025,02:00:00,12.8197,3.9884,4.061,1.853,1.848,29.3687,17.504,280.22,1,1,50.5437,38.1562,0,,,
16/05/2025,03:00:00,12.9918,3.9744,4.0479,1.8211,1.8077,30.1,5.777,283.32,1,1,44.5562,38.4688,0,,,
16/05/2025,04:00:00,12.8701,3.9276,3.998,1.8139,1.8032,30.0125,3.149,278.88,1,0,47.8937,38.6125,0,,,
16/05/2025,05:00:00,12.9583,3.8287,3.8943,1.7432,1.7356,28.4562,3.027,284.88,1,0,49.6875,38.7313,0,,,
16/05/2025,06:00:00,13.0042,3.8457,3.9118,1.7189,1.7248,28.2375,0.956,268.88,1,0,43.725,38.8187,0,,,
16/05/2025,07:00:00,11.7399,1.0816,1.1013,0.7451,0.7405,30.55,0.815,292.6,1,1,42.6687,38.8125,62.6562,,,
16/05/2025,08:00:00,12.9035,3.8042,3.8681,1.666,1.6669,27.7313,0.786,274.96,1,1,45.8375,38.575,0,,,
16/05/2025,09:00:00,11.8986,2.4125,2.4536,1.1441,1.1436,29.9688,3.199,289.1,1,0,49.7188,38.3625,0,,,
16/05/2025,10:00:00,11.6826,1.7116,1.7396,1.1213,1.1113,29.9813,0.785,288.78,1,0,48.8125,38.2687,15.2188,,,
16/05/2025,11:00:00,11.7963,1.6399,1.6718,1.0655,1.0717,29.9375,0.823,284.36,1,0,45.4437,38.1187,35.2062,,,
16/05/2025,12:00:00,11.9002,1.6547,1.6884,1.1163,1.1121,27.7625,0.79,270.44,1,1,48.4312,37.9188,37.9125,,,
16/05/2025,13:00:00,11.6935,1.6771,1.7002,1.1239,1.1211,30.5562,0.795,265.8,1,1,48.8875,37.8438,38.5875,,,
16/05/2025,14:00:00,11.7954,1.646,1.6722,1.0857,1.0808,30.5625,3.311,282.14,1,0,48.7687,37.7875,38.5438,,,
16/05/2025,15:00:00,11.8474,1.6141,1.6434,1.0476,1.064,29.9437,0.833,274.24,1,0,48.5437,37.7188,40.0125,,,
16/05/2025,16:00:00,12.7572,3.7587,3.8269,1.7771,1.7629,29.9813,18.405,257.16,1,1,48.1437,37.5812,0,,,
16/05/2025,17:00:00,11.8596,2.1041,2.1334,1.0218,1.0049,27.7812,11.471,292.26,1,1,48,37.5687,0,,,
16/05/2025,18:00:00,11.6975,1.7436,1.7716,1.1651,1.1666,30.05,4.105,282.44,1,1,48.2062,37.6,11.3,,,
16/05/2025,19:00:00,11.82,1.5996,1.6294,1.0489,1.0535,29.625,3.19,285.52,1,0,49.1687,37.7375,41.0375,,,
16/05/2025,20:00:00,12.5365,3.3085,3.3593,1.5302,1.5533,30.4625,17.512,281.72,1,0,49.8562,37.8438,0,,,
16/05/2025,21:00:00,13.1208,4.0886,4.1756,1.8917,1.9053,29.4,0.796,264.26,1,1,46.6312,37.825,0,,,
16/05/2025,22:00:00,13.051,4.0028,4.0776,1.8115,1.8051,29.4312,0.91,252.9,1,1,49.6625,37.85,0,,,
16/05/2025,23:00:00,13.0213,3.9866,4.0614,1.818,1.8152,29.375,2.918,277.2,1,0,47.075,37.9437,0,,,
17/05/2025,00:00:00,12.8368,3.7622,3.8274,1.7006,1.6984,29.4062,3.119,282.64,1,0,42.5375,37.9062,0,,,
17/05/2025,01:00:00,11.962,2.2887,2.3276,1.0568,1.0561,29.45,2.207,285.94,1,0,43.1437,38,0,,,
17/05/2025,02:00:00,11.7146,1.6442,1.6687,0.8949,0.9019,29.9688,5.53,292.48,1,1,43.3562,37.9875,27.4062,,,
17/05/2025,03:00:00,11.9903,2.3114,2.3486,1.0561,1.0417,30.6063,5.723,295.42,1,1,43.1937,38.0312,0,,,
17/05/2025,04:00:00,11.8768,1.7659,1.7991,1.2176,1.2208,29.475,3.137,289.4,1,0,44.3562,38.25,37.9188,,,
17/05/2025,05:00:00,11.7353,1.6867,1.7138,1.1867,1.1882,30.0438,3.045,290.54,1,0,44.7812,38.425,55.575,,,
17/05/2025,06:00:00,11.8619,1.7164,1.7392,1.2366,1.2346,30.3563,0.778,270.76,1,0,44.4688,38.5687,53.6687,,,
17/05/2025,07:00:00,11.8655,1.7562,1.7812,1.2799,1.2841,30.9813,0.827,269.18,1,1,43.55,38.8,55.0125,,,
17/05/2025,08:00:00,13.3859,4.4473,4.5528,2.0151,2.0173,28.35,0.813,258.76,1,1,43.225,38.7812,0,,,
17/05/2025,09:00:00,12.8948,3.9131,3.9888,1.7627,1.7657,30.0187,3.147,278.46,1,0,48.9562,38.6562,0,,,
17/05/2025,10:00:00,11.7169,2.4195,2.4593,1.1047,1.1154,29.3312,0.68,295.02,1,0,44.7312,38.4875,0,,,
17/05/2025,11:00:00,12.4089,3.0263,3.0679,1.3241,1.3285,28.3563,0.756,293.64,1,0,47.3937,38.225,0,,,
17/05/2025,12:00:00,11.8403,1.2286,1.2544,0.8199,0.819,29.975,0.827,302.2,1,1,47.6625,37.8563,46.8937,,,
17/05/2025,13:00:00,13.3086,4.3817,4.4775,2.0593,2.0646,28.3687,5.568,285.84,1,1,47.3937,37.5125,0,,,
17/05/2025,14:00:00,13.0456,3.8851,3.9604,1.7587,1.7601,29.2625,5.414,277.58,1,0,46.9375,37.2375,0,,,
17/05/2025,15:00:00,13.0251,3.9171,3.9844,1.7675,1.7719,29.5312,0.865,276.08,1,0,46.4688,36.9375,0,,,
17/05/2025,16:00:00,12.9112,3.9871,4.0592,1.8152,1.8156,29.5187,11.717,283.68,1,1,46.8062,36.8,0,,,
17/05/2025,17:00:00,12.2891,3.3934,3.4551,1.4613,1.4704,29.0625,0.808,276.54,1,1,47.9562,36.8187,0,,,
17/05/2025,18:00:00,11.8622,1.4049,1.4272,0.9207,0.9233,29.3,6.47,279.66,1,1,48.9,36.9125,57.3937,,,
17/05/2025,19:00:00,12.4541,3.6099,3.669,1.6857,1.6844,29.6187,19.881,295.5,1,0,49.8312,36.9813,0,,,
17/05/2025,20:00:00,11.8299,1.3708,1.3975,0.8918,0.8991,30.8,0.724,289.56,1,0,47.6687,36.9813,48.8312,,,
17/05/2025,21:00:00,13.0665,3.9477,4.0247,1.8036,1.8016,29.4625,0.87,270.46,1,1,49.7,36.9813,0,,,
17/05/2025,22:00:00,12.8526,3.8654,3.9363,1.7148,1.7259,28.875,0.824,272.44,1,1,46.375,36.975,0,,,
17/05/2025,23:00:00,13.0031,3.8821,3.9529,1.7329,1.7218,30.0312,2.981,277.12,1,0,43.9125,37.0625,0,,,
18/05/2025,00:00:00,13.0129,3.9809,4.0509,1.8056,1.8207,30.5,8.36,286.82,1,0,44.05,37.1625,0,,,
18/05/2025,01:00:00,13.0221,3.9315,4.0033,1.7708,1.7712,29,0.813,271.02,1,0,42.9812,37.2125,0,,,
18/05/2025,02:00:00,13.1767,3.9262,4.0011,1.7942,1.7843,29.6187,0.638,279.34,1,1,43.3375,37.2,0,,,
18/05/2025,03:00:00,13.0069,3.8475,3.9188,1.7279,1.7196,29.875,0.841,266.84,1,1,43.0812,37.3,0,,,
18/05/2025,04:00:00,13.0568,3.8431,3.9109,1.7386,1.7334,30.6375,2.947,281.42,1,0,43.975,37.3312,0,,,
18/05/2025,05:00:00,13.0204,3.781,3.8479,1.7139,1.7161,29.4562,3.112,283.88,1,0,45.2375,37.5125,0,,,
18/05/2025,06:00:00,13.0489,3.8208,3.8882,1.7364,1.7307,29.4625,0.582,270.98,1,0,46.5125,37.5375,0,,,
18/05/2025,07:00:00,12.3716,3.0652,3.1116,1.2987,1.2963,30.5375,2.523,281.78,1,1,48.625,37.65,0,,,
18/05/2025,08:00:00,11.8135,1.3389,1.3647,0.8229,0.8207,29.4625,0.541,282.5,1,1,50.425,37.8438,46.7687,,,
18/05/2025,09:00:00,11.8044,1.7611,1.7943,1.1823,1.1904,28.9875,3.015,284.96,1,0,45.7062,37.8,29.6688,,,
18/05/2025,10:00:00,11.9174,1.807,1.8359,1.2572,1.2502,30.6,0.709,291.58,1,0,46.2375,37.7437,39.0312,,,
18/05/2025,11:00:00,11.7488,1.8101,1.8398,1.2359,1.2351,29.6562,0.736,276.08,1,0,42.4062,37.6063,37.8375,,,
18/05/2025,12:00:00,11.8485,1.7834,1.8114,1.2117,1.2158,30.5625,0.726,272.42,1,1,47.5187,37.5438,37.8812,,,
18/05/2025,13:00:00,11.6737,1.9418,1.968,1.323,1.3223,29.3687,1.247,295.24,1,1,48.6625,37.5562,32.8625,,,
18/05/2025,14:00:00,11.7635,1.8206,1.8494,1.2302,1.2237,29.4688,18.765,292.64,1,0,48.575,37.5187,32.3625,,,
18/05/2025,15:00:00,11.8344,1.8153,1.8455,1.2418,1.2491,30.5938,0.867,284.06,1,0,48.3812,37.5562,32.1875,,,
18/05/2025,16:00:00,11.6811,1.9137,1.9435,1.0432,1.0445,29.3812,0.788,247.38,1,1,48.225,37.5125,35.0812,,,
18/05/2025,17:00:00,11.961,2.4138,2.4514,1.0859,1.0938,29.3687,0.9,282.32,1,1,48.1875,37.5312,0,,,
18/05/2025,18:00:00,12.0932,2.2729,2.3092,1.0454,1.0493,28.3375,0.782,291.46,1,1,47.8625,37.5812,0,,,
18/05/2025,19:00:00,13.1122,4.1314,4.2124,1.9077,1.9005,28.1812,20,287.42,1,0,47.2125,37.375,0,,,
18/05/2025,20:00:00,13.077,4.0544,4.1301,1.855,1.8568,29.4188,0.826,269.9,1,0,47.3187,37.3062,0,,,
18/05/2025,21:00:00,12.9499,4.0413,4.1153,1.8732,1.8653,29.4125,0.784,277.34,1,1,47.8062,37.2625,0,,,
18/05/2025,22:00:00,13.0108,3.9166,3.9866,1.7837,1.7885,30.55,5.01,280.46,1,1,49.225,37.25,0,,,
18/05/2025,23:00:00,13.0699,3.9521,4.0225,1.8161,1.8187,29.975,0.595,275.4,1,1,44.3,37.3312,0,,,
19/05/2025,00:00:00,13.037,3.8926,3.9621,1.7161,1.7281,29.4062,2.973,290.52,1,0,49.0437,37.2625,0,,,
19/05/2025,01:00:00,13.1081,3.9088,3.9787,1.7701,1.7717,29.8438,0.473,273.4,1,0,43.5187,37.1312,0,,,
19/05/2025,02:00:00,13.0209,3.8094,3.8816,1.724,1.7122,29.9312,2.063,264.74,1,1,48.9688,37.1063,0,,,
19/05/2025,03:00:00,13.0978,3.8606,3.9271,1.7642,1.7583,29.5312,4.875,275.54,1,1,46.45,37.0125,0,,,
19/05/2025,04:00:00,12.9598,3.8182,3.8878,1.7227,1.7196,30.6063,3.223,273.22,1,0,44.0375,37.1125,0,,,
19/05/2025,05:00:00,12.8162,3.8125,3.8829,1.6951,1.6995,29.525,2.914,285.4,1,0,50.175,37.1375,0,,,
19/05/2025,06:00:00,12.9417,3.8046,3.8711,1.708,1.7187,28.9125,0.783,278.34,1,0,49.8062,37.1063,0,,,
19/05/2025,07:00:00,12.5919,3.2766,3.3339,1.4787,1.482,29.9688,0.72,293.58,1,1,50.2437,37.1312,0,,,
19/05/2025,08:00:00,12.8999,3.9879,4.0671,1.7577,1.7647,28.8312,0.764,285.22,1,1,43.0875,37.25,0,,,
19/05/2025,09:00:00,11.8278,2.2064,2.2384,0.9933,0.9916,29.5562,3.05,292.34,1,0,50.075,37.2313,0.0062,,,
19/05/2025,10:00:00,11.9098,1.6442,1.6762,1.0889,1.0782,27.7125,0.772,290.04,1,0,47.375,37.1562,8.1937,,,
19/05/2025,11:00:00,11.7265,1.8131,1.8468,1.2272,1.2342,28.325,0.814,270,1,0,48.8187,36.975,28.0312,,,
19/05/2025,12:00:00,11.828,1.8866,1.9129,1.2849,1.2887,29.4062,0.769,266.82,1,1,48.6375,37.075,40.0312,,,
19/05/2025,13:00:00,11.9132,1.8862,1.9102,1.2974,1.3053,30.6063,0.819,265.14,1,1,47.5312,37.0687,42.4688,,,
19/05/2025,14:00:00,11.7067,1.8407,1.8621,1.2694,1.2716,29.6,2.885,283.72,1,0,46.2625,37,42.325,,,
19/05/2025,15:00:00,13.0521,4.1424,4.222,1.9143,1.9182,28.4688,0.768,280.84,1,0,45.65,37.0187,0,,,
19/05/2025,16:00:00,12.7675,3.9241,4.0002,1.7566,1.7596,30.3375,0.743,281.68,1,1,44.85,36.95,0,,,
19/05/2025,17:00:00,11.9076,2.0953,2.1172,0.98,0.9745,29.3563,0.758,279.34,1,1,45.1062,36.9312,0,,,
19/05/2025,18:00:00,12.803,3.4192,3.4752,1.6754,1.6855,28.7437,0.698,289,1,1,46.7062,37.1187,0,,,
19/05/2025,19:00:00,12.9074,3.9717,4.0417,1.7736,1.7806,29.9688,3.301,287.92,1,0,48.3062,37.3937,0,,,
19/05/2025,20:00:00,12.8765,3.8711,3.9346,1.7528,1.7517,28.3375,0.58,273.62,1,0,49.4937,37.525,0,,,
19/05/2025,21:00:00,12.7197,3.7088,3.774,1.6441,1.6408,29.4562,17.789,273.42,1,1,44.775,37.6812,0,,,
19/05/2025,22:00:00,12.9429,3.8173,3.8768,1.6982,1.694,30.4,3.707,279.24,1,1,49.1937,37.6375,0,,,
19/05/2025,23:00:00,12.8815,3.7819,3.851,1.6833,1.6831,30.6187,5.054,277.16,1,1,47.0312,37.5312,0,,,
20/05/2025,00:00:00,11.937,2.3618,2.3946,1.0747,1.0734,28.3062,2.369,295.74,1,0,46.5312,37.7625,0,,,
20/05/2025,01:00:00,13.0293,3.8952,3.963,1.7721,1.7622,28.3187,0.647,285.9,1,0,47.6,37.9437,0,,,
20/05/2025,02:00:00,12.791,3.8427,3.9088,1.7176,1.7224,30.6187,0.592,279.02,1,1,48.2375,38.1437,0,,,
20/05/2025,03:00:00,12.0299,2.8386,2.8806,1.2891,1.2744,29.5375,20.583,281.42,1,1,47.8,38.225,0,,,
20/05/2025,04:00:00,11.8328,2.4024,2.4357,1.1255,1.1351,30.5562,19.921,297.72,1,0,48.0187,38.2,0,,,
20/05/2025,05:00:00,11.834,2.3666,2.3994,1.1712,1.1664,28.5438,8.282,300.78,1,0,48.75,38.4,6.4,,,
20/05/2025,06:00:00,11.8041,2.1465,2.1924,1.0128,1.0279,29.4375,0.95,239.72,1,0,49.2437,38.55,0.0125,,,
20/05/2025,07:00:00,12.209,1.8853,1.912,0.94,0.9284,28.3375,0.758,227.6,1,1,49.7625,38.825,41.0625,,,
20/05/2025,08:00:00,12.1376,1.9374,1.9649,0.9343,0.9376,30.475,0.935,235.38,1,1,50.1562,38.8812,52.4437,,,
20/05/2025,09:00:00,12.3616,1.9527,1.9789,0.9807,0.9914,28.9,5.633,237.02,1,0,48.1375,38.7812,51.1375,,,
20/05/2025,10:00:00,12.2038,1.9781,2.003,0.9607,0.9592,30.1625,0.961,239.98,1,0,49.2812,38.5375,47.6062,,,
20/05/2025,11:00:00,12.2982,2.0201,2.052,1.015,1.0119,29.35,0.764,234.04,1,0,49.1625,38.325,47.2562,,,
20/05/2025,12:00:00,12.3472,1.9956,2.0179,0.978,0.9651,29.4188,0.811,228.18,1,1,48.4,37.9875,47.675,,,
20/05/2025,13:00:00,12.2792,1.9544,1.9763,0.9443,0.9349,29.525,0.839,216.14,1,1,47.9812,37.8062,48.5625,,,
20/05/2025,14:00:00,12.372,1.9785,1.9964,0.9708,0.9682,29.4562,2.782,230.26,1,0,47.7625,37.7812,46.975,,,
20/05/2025,15:00:00,13.8223,4.3572,4.4504,2.0184,2.0171,29.9625,5.704,219.62,1,0,47.4625,37.6562,0,,,
20/05/2025,16:00:00,13.0007,4.1901,4.2754,1.9335,1.9335,29.95,0.897,220.84,1,1,47.5062,37.5812,0,,,
20/05/2025,17:00:00,11.8131,2.3294,2.3587,1.1034,1.094,29.5375,0.876,265.4,1,1,47.725,37.65,0,,,
20/05/2025,18:00:00,13.579,4.3616,4.4561,2.1044,2.0987,28.725,0.974,294.24,1,1,47.975,37.675,0,,,
20/05/2025,19:00:00,11.9934,2.4781,2.5179,1.2066,1.2001,30.0125,3.057,292.82,1,0,48.7062,37.85,0,,,
20/05/2025,20:00:00,13.353,4.2386,4.3292,2.0156,2.0048,28.275,0.762,300.32,1,0,49.5375,38.0187,0.0062,,,
20/05/2025,21:00:00,12.9331,3.9538,4.0321,1.7614,1.762,29.9188,0.723,275.7,1,1,42.8687,38.1063,0.0062,,,
20/05/2025,22:00:00,13.5134,4.2819,4.3769,1.9526,1.9628,29.3812,2.614,277.02,1,1,48.5625,37.9875,0.0062,,,
20/05/2025,23:00:00,12.3109,3.1037,3.1479,1.4335,1.4354,29.4188,0.802,271.08,1,1,46.0875,37.875,0,,,
21/05/2025,00:00:00,12.3507,1.8901,1.9129,0.8829,0.8951,29.4188,8.377,304.24,1,0,48.4875,37.8187,34.425,,,
21/05/2025,01:00:00,12.4943,2.0599,2.0813,0.9356,0.9594,28.0562,0.925,295.82,1,0,44.3812,37.7812,8.3125,,,
21/05/2025,02:00:00,11.8472,1.4863,1.5086,0.8612,0.8715,29.3125,1.243,268.52,1,1,48.7625,37.7125,64.9062,,,
21/05/2025,03:00:00,12.2214,2.1802,2.2042,1.0192,1.0141,27.725,0.849,258.5,1,1,42.6625,37.5687,31.5875,,,
21/05/2025,04:00:00,12.3311,2.9567,2.9948,1.3486,1.3444,29.9312,3.001,292.6,1,0,49.8375,37.7313,0,,,
21/05/2025,05:00:00,12.2294,2.9078,2.9454,1.3059,1.3125,29.7625,2.921,289.6,1,0,49.6125,38.0438,0,,,
21/05/2025,06:00:00,13.1466,4.0234,4.0903,1.8257,1.8281,29.3187,11.7,285.8,1,0,49.7312,38.2812,0,,,
21/05/2025,07:00:00,11.707,2.3219,2.3587,1.0848,1.0992,29.4125,0.752,271.88,1,1,50.0562,38.5687,0,,,
21/05/2025,08:00:00,13.092,2.4873,2.5319,1.1397,1.1443,30.2062,3.245,283.02,1,1,43.9187,38.8875,12.8312,,,
21/05/2025,09:00:00,13.0719,2.3499,2.3906,1.0583,1.0544,29.3125,2.991,304.52,1,0,45.475,38.9562,0,,,
21/05/2025,10:00:00,11.7993,1.415,1.4364,0.8214,0.8212,28.95,0.889,282.66,1,0,42.9812,38.725,60.8937,,,
21/05/2025,11:00:00,11.9046,1.4644,1.492,0.8969,0.8995,28.9,0.866,263.88,1,0,48.9187,38.6,64.225,,,
21/05/2025,12:00:00,11.6916,1.4242,1.4439,0.8579,0.8575,28.8937,0.903,260.4,1,1,49.2937,38.3937,66.5062,,,
21/05/2025,13:00:00,11.8189,1.4347,1.4587,0.8575,0.8553,28.3,0.904,258.62,1,1,48.5312,38.0562,64.4062,,,
21/05/2025,14:00:00,11.8487,1.5152,1.5392,0.9461,0.9443,28.8812,2.994,276.12,1,0,47.5062,37.8375,65.7812,,,
21/05/2025,15:00:00,13.4284,4.1271,4.2071,1.8745,1.8714,30.5625,18.616,278.08,1,0,46.2125,37.5562,0,,,
21/05/2025,16:00:00,13.6625,4.0929,4.1848,1.8622,1.8561,29.9625,0.931,281.78,1,1,45.3562,37.3,0,,,
21/05/2025,17:00:00,12.4029,3.3785,3.4362,1.4895,1.4877,29.3375,0.778,283.7,1,1,45.375,37.2,0,,,
21/05/2025,18:00:00,11.7137,1.7033,1.7313,0.9588,0.9503,30.4625,0.876,294.9,1,1,45.3312,37.05,30.9,,,
21/05/2025,19:00:00,13.5105,4.1577,4.2491,1.9036,1.8931,29.3625,4.153,288.2,1,0,45.3438,36.8187,0,,,
21/05/2025,20:00:00,12.505,3.3934,3.4476,1.5835,1.5846,29.9062,0.852,288.5,1,0,45.9312,36.9312,0,,,
21/05/2025,21:00:00,13.5061,3.9967,4.0837,1.8091,1.8043,29.925,5.658,282.74,1,1,46.7875,36.9312,0,,,
21/05/2025,22:00:00,13.0565,3.676,3.7394,1.6537,1.6634,30.0312,2.791,269.88,1,1,48.2812,36.9375,0,,,
21/05/2025,23:00:00,12.2259,2.7411,2.7905,1.2386,1.2407,30.025,7.193,281.66,1,1,49.9437,37.1,0,,,
22/05/2025,00:00:00,11.8631,1.5532,1.5817,0.9793,0.9995,30.0625,8.745,270.26,1,0,49.1625,37.3062,40.0625,,,
22/05/2025,01:00:00,11.6673,1.604,1.6342,1.1067,1.1115,30.3438,0.889,263.24,1,0,47.0437,37.3875,55.5,,,
22/05/2025,02:00:00,11.7979,1.5314,1.5524,0.8897,0.8908,29.4,0.862,267.92,1,1,44.1375,37.5062,67.4375,,,
22/05/2025,03:00:00,11.8935,1.5471,1.5559,0.9196,0.9229,31.1375,0.909,283.08,1,1,43.1437,37.525,59.9688,,,
22/05/2025,04:00:00,12.5637,3.4065,3.4708,1.5617,1.5606,30.0375,19.602,298.84,1,0,49.5187,37.7938,0,,,
22/05/2025,05:00:00,13.4114,4.0111,4.0872,1.8091,1.8134,29.4562,14.032,290.78,1,0,48.5375,37.8687,0,,,
22/05/2025,06:00:00,11.9291,2.5302,2.5538,1.1605,1.1613,29.95,20.522,288.26,1,0,47.4187,38.0438,2.5625,,,
22/05/2025,07:00:00,11.7044,1.422,1.4474,0.9581,0.9529,28.9312,5.296,283.82,1,1,45.5875,38.05,30.6625,,,
22/05/2025,08:00:00,13.845,4.6892,4.803,2.1678,2.1728,28.9062,17.22,281.66,1,1,44.0938,38.2,0,,,
22/05/2025,09:00:00,11.8248,2.1579,2.1885,1.0561,1.0531,29.4,7.671,288.82,1,0,43.3625,38.2437,0.9375,,,
22/05/2025,10:00:00,11.6874,1.3612,1.3848,0.8973,0.8973,30.1312,0.954,286.92,1,0,49.6062,38.1312,28.8812,,,
22/05/2025,11:00:00,11.815,1.8538,1.8809,1.2589,1.2596,29.4312,0.849,270.26,1,0,46.95,37.9937,43.3812,,,
22/05/2025,12:00:00,11.7203,1.8228,1.8455,1.2239,1.2274,30.55,0.947,267.64,1,1,48.7188,37.85,46.8937,,,
22/05/2025,13:00:00,11.7656,1.8486,1.8752,1.2556,1.2696,29.875,0.864,266.26,1,1,48.6375,37.7125,44.9562,,,
22/05/2025,14:00:00,11.8295,1.8171,1.8433,1.2337,1.2224,31.1,3.309,283.38,1,0,48.3875,37.625,46.2062,,,
22/05/2025,15:00:00,13.2607,4.0006,4.0816,1.7782,1.7892,29.925,0.859,271.34,1,0,47.6687,37.5438,0,,,
22/05/2025,16:00:00,13.2732,4.0431,4.1214,1.8014,1.7841,29.3625,16.247,285.94,1,1,47.0687,37.5187,0,,,
22/05/2025,17:00:00,11.6888,2.0096,2.0341,0.973,0.9726,29.3625,0.816,291.22,1,1,46.9312,37.3937,20.5687,,,
22/05/2025,18:00:00,11.7971,1.6902,1.7217,1.1366,1.1377,29.5375,0.9,282.02,1,1,47.4062,37.5,15.2687,,,
22/05/2025,19:00:00,11.7761,2.3972,2.4195,1.1408,1.1384,29.3937,2.938,297.48,1,0,48.3187,37.65,7.9312,,,
22/05/2025,20:00:00,11.8105,1.7654,1.7891,0.9647,0.9726,29.8438,0.936,294.42,1,0,49.4312,37.6375,34.375,,,
22/05/2025,21:00:00,13.2423,4.1166,4.1975,1.89,1.885,28.2812,5.88,286.76,1,1,49.875,37.6812,0,,,
22/05/2025,22:00:00,11.8308,2.2235,2.2528,1.0111,1.0235,28.475,0.917,276.16,1,1,47.75,37.6937,0,,,
22/05/2025,23:00:00,11.9211,2.1867,2.2095,1.0909,1.0876,29.4,4.897,283.42,1,1,45.2562,37.725,4.1687,,,
23/05/2025,00:00:00,11.7394,1.4815,1.5073,0.9376,0.9522,29.7437,20.488,284.7,1,0,50.125,37.825,30.0812,,,
23/05/2025,01:00:00,11.8386,1.5261,1.555,1.1067,1.1128,29.9312,0.881,259.8,1,0,48.5938,37.7313,59.3187,,,
23/05/2025,02:00:00,11.7645,1.8004,1.8267,1.2902,1.2862,29.8563,0.841,266.2,1,1,45.7375,37.7188,54.0125,,,
23/05/2025,03:00:00,11.8669,1.716,1.7414,1.2114,1.2241,29.4188,0.883,268.96,1,1,43.0187,37.8312,55.6937,,,
23/05/2025,04:00:00,11.7453,1.7829,1.8175,1.2703,1.2628,30.05,3.226,282.14,1,0,50.0812,37.9937,57.4625,,,
23/05/2025,05:00:00,11.8418,1.6801,1.7086,1.1788,1.1738,29.3625,3.215,282.14,1,0,49.4688,38.3375,57.4688,,,
23/05/2025,06:00:00,11.9154,2.1286,2.1583,1.0128,1.0157,29.4062,5.072,284.64,1,0,48.1312,38.375,24.8625,,,
23/05/2025,07:00:00,11.6988,1.6001,1.6289,1.0253,1.0181,28.9,0.815,280.8,1,1,42.4812,38.125,24.6937,,,
23/05/2025,08:00:00,12.2943,2.6256,2.668,1.1187,1.1064,28.1812,0.886,286.04,1,1,48.7875,38.0375,4.4062,,,
23/05/2025,09:00:00,12.0122,2.4392,2.4685,1.1196,1.1174,29.9375,3.12,299.7,1,0,49.525,37.975,5.8562,,,
23/05/2025,10:00:00,11.8176,1.5651,1.5953,1.0108,1.0111,29.325,0.931,281.48,1,0,48.7125,37.7,36.6875,,,
23/05/2025,11:00:00,11.8647,1.2671,1.2943,0.7849,0.7805,28.3875,0.917,285.32,1,0,48.125,37.575,40.1562,,,
23/05/2025,12:00:00,11.7326,1.5677,1.5983,1.0143,1.0135,29.4,0.895,267.7,1,1,46.9937,37.4312,43.8562,,,
23/05/2025,13:00:00,11.7876,1.5777,1.6084,1.0447,1.0443,28.55,0.943,261.98,1,1,46.0625,37.3625,37.725,,,
23/05/2025,14:00:00,11.8461,1.6464,1.6762,1.1178,1.1189,31.05,3.147,280.86,1,0,45.2062,37.2625,48.2812,,,
23/05/2025,15:00:00,11.7073,1.6023,1.6342,1.0585,1.0607,29.4437,0.877,274.98,1,0,44.875,37.2437,48.1875,,,
23/05/2025,16:00:00,11.8114,1.4981,1.5257,0.9688,0.9647,30.0312,0.856,262.64,1,1,45.1312,37.3062,46.1875,,,
23/05/2025,17:00:00,11.8128,1.3616,1.3905,0.8636,0.8566,29.4562,0.736,260.22,1,1,46.2375,37.5438,47.8438,,,
23/05/2025,18:00:00,11.7799,1.5988,1.625,0.9072,0.905,29.8687,1.167,260.1,1,1,47.5125,37.8125,44.8375,,,
23/05/2025,19:00:00,11.8891,1.3664,1.3966,0.8794,0.8809,29.3625,3.303,272.78,1,0,48.4,37.9312,32.65,,,
23/05/2025,20:00:00,11.863,1.3629,1.3879,0.8512,0.8722,29.1875,0.863,267.22,1,0,48.9125,37.95,46.5437,,,
23/05/2025,21:00:00,11.8013,1.2999,1.3257,0.819,0.8256,29.9375,0.845,261.9,1,1,49.05,37.8375,49.8125,,,
23/05/2025,22:00:00,11.889,1.3769,1.4023,0.8964,0.8881,30.1937,0.912,261.5,1,1,49.125,37.7437,45.9062,,,
23/05/2025,23:00:00,11.6794,1.3314,1.3559,0.8466,0.8437,29.4188,0.788,260.16,1,1,49.2937,37.575,44.5687,,,
24/05/2025,00:00:00,11.8165,1.4601,1.4894,0.9647,0.9658,29.4188,3.211,278.6,1,0,49.35,37.5312,45.5125,,,
24/05/2025,01:00:00,11.7309,1.4566,1.4872,0.9656,0.9656,29.0375,0.829,266.46,1,0,49.6375,37.45,45.4875,,,
24/05/2025,02:00:00,11.7601,1.5169,1.5462,0.9912,0.9909,29.35,19.343,273.22,1,1,42.95,37.425,45.2,,,
24/05/2025,03:00:00,11.7845,1.5235,1.5528,0.9883,1.0028,28.9625,5.847,280.4,1,1,49.6375,37.7625,41.2062,,,
24/05/2025,04:00:00,11.8076,1.6219,1.6512,1.0854,1.0872,29.9813,3.254,283.02,1,0,48.5375,38.0125,37.7938,,,
24/05/2025,05:00:00,11.8601,1.6302,1.6631,1.1027,1.1073,30.0312,2.967,287.92,1,0,45.9062,38.0187,43.4875,,,
24/05/2025,06:00:00,11.755,1.5953,1.6219,1.0854,1.0811,29.9813,0.858,271.98,1,0,42.5062,38.1,49.8937,,,
24/05/2025,07:00:00,11.8391,1.66,1.6911,1.12,1.1042,28.4,0.772,263.54,1,1,49.9812,38.175,42.6125,,,
24/05/2025,08:00:00,11.7923,1.7886,1.8136,1.1279,1.1322,29.475,0.835,261.06,1,1,49.2625,38.3563,34.5,,,
24/05/2025,09:00:00,11.9915,2.8802,2.92,1.2782,1.2725,29.9813,2.483,266.06,1,0,48.1875,38.625,0,,,
24/05/2025,10:00:00,11.9061,1.6587,1.6889,1.0793,1.0736,29.2437,0.804,304.64,1,0,45.6437,38.775,18.6437,,,
24/05/2025,11:00:00,11.7102,1.8713,1.9032,1.2504,1.2493,29.4188,0.841,266.58,1,0,49.1187,38.8875,0,,,
24/05/2025,12:00:00,11.819,1.7685,1.8009,1.1745,1.1749,28.5,0.923,260.84,1,1,48.9187,38.6875,13.8312,,,
24/05/2025,13:00:00,11.8904,1.8306,1.8595,1.239,1.2495,28.3312,0.823,261.44,1,1,47.8375,38.6063,18.3875,,,
24/05/2025,14:00:00,11.7781,1.8407,1.8822,1.2488,1.2456,29.975,3.065,281.1,1,0,47.2625,38.4,20.525,,,
24/05/2025,15:00:00,11.8462,1.7961,1.8271,1.223,1.2106,29.625,0.881,281.06,1,0,47.65,38.4,15.7312,,,
24/05/2025,16:00:00,11.7173,1.7751,1.8052,1.2154,1.2134,29.9875,3.767,273.06,1,1,48.4625,38.4813,20.8562,,,
24/05/2025,17:00:00,11.8316,1.7191,1.7466,1.1725,1.1727,29.9437,2.718,273,1,1,48.9812,38.6187,38.2125,,,
24/05/2025,18:00:00,11.8417,1.7492,1.7768,1.1966,1.1898,29.3937,0.879,272.42,1,1,49.5062,38.4875,41.6062,,,
24/05/2025,19:00:00,11.7994,1.7558,1.7829,1.2027,1.202,29.9625,3.093,278.6,1,0,49.9688,38.4437,48.3,,,
24/05/2025,20:00:00,11.8427,1.6897,1.7191,1.1379,1.1414,30.15,0.863,266.64,1,0,47.6687,38.325,48.575,,,
24/05/2025,21:00:00,11.8517,1.7921,1.8201,1.2195,1.232,29.5187,0.851,289.04,1,1,48.9937,38.175,39.0562,,,
24/05/2025,22:00:00,11.7837,1.6797,1.7068,1.1493,1.1491,29.9188,0.859,270.42,1,1,49.1625,37.9625,47.9062,,,
24/05/2025,23:00:00,11.8888,1.7182,1.7462,1.1902,1.1931,29.0187,2.389,279.8,1,1,50.0938,37.9188,47.2188,,,
25/05/2025,00:00:00,11.7439,1.8074,1.8359,1.272,1.2792,29.6063,3.056,281.24,1,0,47.825,38,48.8312,,,
25/05/2025,01:00:00,11.8335,1.7978,1.8245,1.2467,1.2519,30.6625,0.841,266.68,1,0,49.6375,37.8,47.6687,,,
25/05/2025,02:00:00,11.7787,1.8083,1.8368,1.2613,1.2593,29.4,0.903,269.94,1,1,46.8937,37.9,46.7188,,,
25/05/2025,03:00:00,11.8042,1.7444,1.7707,1.195,1.2042,30.5312,2.662,265.18,1,1,49.5187,37.8812,48.825,,,
25/05/2025,04:00:00,11.8195,1.9728,1.9973,1.4024,1.4015,29.4125,3.193,274.86,1,0,47.2,37.8937,47.35,,,
25/05/2025,05:00:00,11.8587,1.9107,1.9352,1.3608,1.3536,29.975,3.146,277.26,1,0,43.7125,37.9688,49.1437,,,
25/05/2025,06:00:00,11.6951,1.8516,1.8814,1.2604,1.2635,29.0125,0.863,277.62,1,0,44.7937,38.1625,48.75,,,
25/05/2025,07:00:00,11.8157,1.7663,1.7943,1.2576,1.2499,28.8125,0.891,261.5,1,1,49.5375,38.3438,54.9062,,,
25/05/2025,08:00:00,11.8757,1.7961,1.8271,1.19,1.1854,30.3625,0.904,259.12,1,1,48.2125,38.4188,50,,,
25/05/2025,09:00:00,11.7529,1.7777,1.8083,1.1876,1.1841,29.9437,3.267,274.58,1,0,45.825,38.5375,45.9125,,,
25/05/2025,10:00:00,11.7989,1.8052,1.835,1.1896,1.202,29.0375,3.611,282.04,1,0,49.8312,38.4937,42.7062,,,
25/05/2025,11:00:00,11.7447,1.7646,1.7943,1.1546,1.148,29.975,0.863,277.18,1,0,46.6437,38.525,36.9562,,,
25/05/2025,12:00:00,11.8212,1.8779,1.9107,1.3169,1.3245,30.5562,0.89,262,1,1,49.3937,38.6063,42.6625,,,
25/05/2025,13:00:00,11.7766,1.8455,1.8809,1.2079,1.2202,29.45,0.894,258.1,1,1,45.3937,38.5125,37.45,,,
25/05/2025,14:00:00,11.8238,1.7611,1.7904,1.1972,1.199,29.8875,2.992,273.28,1,0,48.2562,38.4625,43.625,,,
25/05/2025,15:00:00,11.7089,1.7453,1.7733,1.2003,1.1977,29.7812,0.853,265.94,1,0,48.7687,38.3875,42.9,,,
25/05/2025,16:00:00,11.8305,1.8774,1.9002,1.2742,1.2722,29.3563,18.17,276.36,1,1,49.1187,38.3625,39.2437,,,
25/05/2025,17:00:00,11.856,1.7912,1.8228,1.2108,1.2099,29.9813,5.63,278.48,1,1,49.0562,38.3812,30.6375,,,
25/05/2025,18:00:00,11.7512,1.6906,1.7213,1.1707,1.1758,30.1063,9.249,280.72,1,1,49.1125,38.375,43.3875,,,
25/05/2025,19:00:00,11.771,1.5922,1.6233,1.0852,1.0892,30.575,3.155,277.98,1,0,49.525,38.4125,51.375,,,
25/05/2025,20:00:00,11.8985,1.7169,1.7396,1.2001,1.2119,29.4125,0.885,266.74,1,0,43.4,38.3875,52.3312,,,
25/05/2025,21:00:00,11.6962,1.5983,1.6302,1.0957,1.0916,29.4562,0.892,259.92,1,1,49.025,38.4813,51.3125,,,
25/05/2025,22:00:00,11.8188,1.5935,1.6154,1.08,1.0828,28.375,0.836,259.7,1,1,46.7437,38.6063,50.9375,,,
25/05/2025,23:00:00,11.8591,1.5996,1.6285,1.0865,1.0986,29.45,0.843,275.66,1,1,44.8125,38.8937,51.0062,,,
26/05/2025,00:00:00,11.7599,1.6246,1.6526,1.1067,1.1058,30.6,2.936,276.56,1,0,46.0875,39.025,52.025,,,
26/05/2025,01:00:00,11.8878,1.6701,1.6981,1.1681,1.1559,29.9312,0.875,266.24,1,0,49.5687,38.875,52,,,
26/05/2025,02:00:00,11.6685,1.7453,1.7702,1.2101,1.2154,29.9375,0.905,258.32,1,1,48.8062,39.0687,51.85,,,
26/05/2025,03:00:00,11.8717,1.8564,1.8836,1.3167,1.3162,29.975,0.828,255.66,1,1,47.6,39.05,52.1,,,
26/05/2025,04:00:00,11.7578,1.7431,1.7742,1.2176,1.2215,29.4437,3.324,267.56,1,0,46.225,39.1125,51.0562,,,
26/05/2025,05:00:00,11.9023,1.9566,1.9776,1.3705,1.3757,29.0812,20.113,284.02,1,0,43.4688,39.2188,48.975,,,
26/05/2025,06:00:00,11.9051,1.8284,1.8529,1.267,1.2797,29.6625,11.691,280.02,1,0,50.2188,39.2062,47.5562,,,
26/05/2025,07:00:00,11.7374,1.7405,1.7685,1.1795,1.178,29.4188,0.794,278.92,1,1,49.7875,39.3375,41.0625,,,
26/05/2025,08:00:00,11.7863,1.7064,1.7374,1.0581,1.0603,29.9813,0.829,267.38,1,1,49.8875,39.475,49.6625,,,
26/05/2025,09:00:00,11.8372,1.8333,1.8608,1.2626,1.2637,29.9562,3.3,274.22,1,0,49.9688,39.5,48.7812,,,
26/05/2025,10:00:00,11.7657,1.7969,1.8219,1.1966,1.2014,29.975,0.778,271.02,1,0,48.4812,39.35,45.8375,,,
26/05/2025,11:00:00,11.8785,1.8866,1.9142,1.2992,1.3042,28.3312,0.862,256.84,1,0,49.2937,39.0562,46.2437,,,
26/05/2025,12:00:00,11.7264,1.8516,1.8783,1.2488,1.2493,29.8687,0.891,271.4,1,1,48.8562,38.75,41.925,,,
26/05/2025,13:00:00,11.7611,1.7589,1.7904,1.181,1.1791,30.6,0.861,257.3,1,1,47.7437,38.4625,43.875,,,
26/05/2025,14:00:00,11.8947,1.9072,1.9365,1.3167,1.3202,29.375,3,272.78,1,0,46.6687,38.0938,42.2375,,,
26/05/2025,15:00:00,11.6911,1.8486,1.8748,1.2418,1.2447,29.9375,0.909,264.5,1,0,45.3438,37.8125,45.1875,,,
26/05/2025,16:00:00,11.8141,1.9649,1.9938,1.2895,1.2762,28.3375,0.805,254.78,1,1,44.0437,37.5938,41.1687,,,
26/05/2025,17:00:00,12.2902,3.2529,3.2923,1.4772,1.4742,29.4062,5.23,248.04,1,1,43.1125,37.3187,0,,,
26/05/2025,18:00:00,11.8205,1.8906,1.9286,1.008,1.0076,29.4688,11.312,304.02,1,1,42.8375,37.0938,27.75,,,
26/05/2025,19:00:00,12.1578,2.6851,2.7227,1.2558,1.2596,28.4125,7.924,303.78,1,0,42.975,36.8625,0,,,
26/05/2025,20:00:00,11.6456,1.7086,1.7392,0.9201,0.9273,29.9813,0.914,287.72,1,0,43.9125,36.6312,33.6125,,,
26/05/2025,21:00:00,11.7731,2.094,2.1251,0.9881,0.989,28.3375,0.909,283.34,1,1,45.175,36.5687,12.125,,,
26/05/2025,22:00:00,11.8372,1.6351,1.6648,1.0859,1.0964,29.4875,0.912,271.42,1,1,46.0062,36.4813,27.8563,,,
26/05/2025,23:00:00,11.7981,1.6871,1.7151,1.1644,1.1675,29.975,2.944,281.28,1,0,46.0062,36.5312,51.3937,,,
27/05/2025,00:00:00,11.8467,1.7178,1.7484,1.1957,1.1926,29.4375,3.249,285.08,1,0,46.4312,36.5625,52.25,,,
27/05/2025,01:00:00,11.7181,1.7112,1.7414,1.188,1.1797,28.9625,0.838,269.2,1,0,47.9875,36.7938,51.55,,,
27/05/2025,02:00:00,11.8252,1.7453,1.779,1.2195,1.216,29.475,0.807,265.54,1,1,49.8312,37.1187,51.85,,,
27/05/2025,03:00:00,11.8566,1.9129,1.9365,1.3372,1.3263,30.5375,0.838,290.82,1,1,48.7875,37.5812,47.2437,,,
27/05/2025,04:00:00,11.7725,1.7934,1.8197,1.2346,1.2359,28.325,3.06,281.64,1,0,47.6937,37.7437,53.8125,,,
27/05/2025,05:00:00,11.831,1.7554,1.7812,1.2333,1.2292,29.2062,2.905,284.26,1,0,46.3438,38.0562,55.25,,,
27/05/2025,06:00:00,11.9672,2.5494,2.5809,1.178,1.1812,29.3625,5.998,276.04,1,0,45.1125,38.1875,0,,,
27/05/2025,07:00:00,11.7615,1.9313,1.9571,1.2661,1.2727,30.4813,0.783,278.46,1,1,44.375,38.3312,15.5062,,,
27/05/2025,08:00:00,11.8825,1.9369,1.9575,1.2127,1.2217,29.9562,0.786,274.68,1,1,44.2062,38.5312,38.875,,,
27/05/2025,09:00:00,11.6863,1.8818,1.9102,1.2913,1.286,28.3687,3.256,284.58,1,0,44.4688,38.7313,42.3375,,,
27/05/2025,10:00:00,11.7735,1.7335,1.7672,1.1718,1.1618,29.3,0.792,281.2,1,0,46.1812,38.8937,47.6125,,,
27/05/2025,11:00:00,11.8547,1.8245,1.8582,1.2847,1.2773,29.8625,0.842,265.96,1,0,42.4062,38.9,53.3312,,,
27/05/2025,12:00:00,11.7077,1.8346,1.8621,1.2585,1.2674,29.9813,0.853,276.9,1,1,47.55,38.6812,48,,,
27/05/2025,13:00:00,11.8191,1.8451,1.8678,1.2663,1.2635,28.975,0.822,262.38,1,1,48.7625,38.5062,45.3438,,,
27/05/2025,14:00:00,11.7501,1.8245,1.8494,1.2582,1.2558,28.8937,3.157,276.66,1,0,48.9187,38.275,46.9562,,,
27/05/2025,15:00:00,11.8194,2.1224,2.1491,0.98,0.989,29.9688,3.745,272.98,1,0,48.7812,38.1625,10.2875,,,
27/05/2025,16:00:00,12.1122,2.6833,2.7192,1.2631,1.258,29.4062,20.379,292.08,1,1,48.6,37.9937,0,,,
27/05/2025,17:00:00,11.8854,2.5337,2.5656,1.1467,1.1537,29.3625,11.382,303.78,1,1,48.3312,37.725,0,,,
27/05/2025,18:00:00,11.8241,1.9785,2.0148,0.9728,0.9815,28.9062,0.814,305.36,1,1,48.175,37.6,24.3438,,,
27/05/2025,19:00:00,11.889,1.6932,1.7191,1.1581,1.1583,29.9813,3.165,286.84,1,0,48.5062,37.6375,40.3438,,,
27/05/2025,20:00:00,11.7838,1.7186,1.7436,1.2077,1.206,28.9062,0.88,271.24,1,0,48.575,37.5312,57.6187,,,
27/05/2025,21:00:00,11.8218,1.6972,1.7221,1.1837,1.174,30.0312,0.886,266.22,1,1,49.0875,37.7062,57.3125,,,
27/05/2025,22:00:00,11.9203,1.7659,1.7921,1.2484,1.2394,30.35,0.897,266.16,1,1,49.7562,37.85,56.8187,,,
27/05/2025,23:00:00,11.7006,1.7278,1.7506,1.1828,1.1837,29.425,0.865,265,1,1,48.4937,38.0125,57.0875,,,
28/05/2025,00:00:00,11.7834,1.7886,1.8136,1.2482,1.2445,29.2375,3.013,280.36,1,0,47.0938,38.3563,54.9625,,,
28/05/2025,01:00:00,11.7338,1.828,1.849,1.2635,1.2668,29.4688,0.841,277.9,1,0,45.5625,38.55,52.9375,,,
28/05/2025,02:00:00,11.863,1.772,1.8022,1.2421,1.2281,29.3937,0.901,262.24,1,1,43.95,38.825,53.5562,,,
28/05/2025,03:00:00,11.8588,1.8127,1.8359,1.2572,1.2534,29.9188,0.997,258.78,1,1,43.1937,38.8563,53.5562,,,
28/05/2025,04:00:00,11.7039,1.8315,1.856,1.26,1.2548,30.0812,3.259,273.78,1,0,44.9562,39.1062,53.3375,,,
28/05/2025,05:00:00,11.797,1.9089,1.9352,1.3622,1.3508,29.9813,3.197,277.88,1,0,46.5938,39.3062,47.6312,,,
28/05/2025,06:00:00,11.6881,1.8643,1.8901,1.328,1.3263,29.3875,0.868,272.8,1,0,45.2062,39.6125,47.575,,,
28/05/2025,07:00:00,11.8066,1.8551,1.8866,1.2937,1.2985,29.4625,18.203,284.38,1,1,44.0437,39.8625,44.8062,,,
28/05/2025,08:00:00,11.8753,1.9102,1.9409,1.3156,1.3062,29.425,0.906,276.84,1,1,44.4688,40,35.9937,,,
28/05/2025,09:00:00,11.6645,1.8862,1.9168,1.2591,1.2493,30.55,2.991,272.6,1,0,44.0125,40.025,36.2875,,,
28/05/2025,10:00:00,11.814,1.9383,1.9693,1.3473,1.3449,29.8438,0.862,267.68,1,0,49.0062,39.8687,34.7313,,,
28/05/2025,11:00:00,11.7271,1.94,1.9645,1.3088,1.3083,29.4125,0.933,251.68,1,0,49.7062,39.6375,29.5125,,,
28/05/2025,12:00:00,11.824,1.9732,2.0043,1.2976,1.3,29.575,0.875,245.52,1,1,49.6437,39.3438,29.2,,,
28/05/2025,13:00:00,11.8466,2.0214,2.0472,1.3462,1.344,29.9875,0.913,242.96,1,1,49.4625,39.15,29.7188,,,
28/05/2025,14:00:00,11.8326,2.0249,2.0511,1.3713,1.3764,29.9688,3.018,260.66,1,0,49.025,39.0187,30.6063,,,
28/05/2025,15:00:00,11.8675,2.0074,2.0406,1.3759,1.3565,29.375,0.846,249.56,1,0,47.8937,38.7062,32.5187,,,
28/05/2025,16:00:00,12.8396,4.1699,4.2592,1.9055,1.9117,29.4125,20.72,259.92,1,1,46.6375,38.3563,0,,,
28/05/2025,17:00:00,11.9143,2.6549,2.6938,1.2742,1.283,28.725,0.88,290.88,1,1,45.5312,38.0875,0,,,
28/05/2025,18:00:00,11.7292,1.6224,1.6482,1.015,1.0159,29.9813,0.911,272.64,1,1,45.0375,37.6937,44.5562,,,
28/05/2025,19:00:00,11.8092,1.3117,1.3297,0.7549,0.765,29.9188,2.999,297,1,0,43.975,37.475,59.3687,,,
28/05/2025,20:00:00,11.9886,1.7921,1.8171,1.0607,1.0671,29.9062,0.878,252.36,1,0,42.9187,36.8687,55.7,,,
28/05/2025,21:00:00,12.7327,3.9004,3.9551,1.8001,1.8003,29.4125,0.97,281.36,1,1,42.3375,36.4937,0,,,
28/05/2025,22:00:00,11.874,2.4716,2.5101,1.0988,1.1058,30.4125,3.32,269.3,1,1,42.9125,36.3312,3.4375,,,
28/05/2025,23:00:00,11.8668,1.4496,1.4732,0.8905,0.8984,29.4188,3.738,265.46,1,1,44.3562,36.2125,51.4437,,,
29/05/2025,00:00:00,11.6903,1.3936,1.4198,0.8428,0.8385,28.9437,2.939,257.86,1,0,45.5125,36.1312,61.8312,,,
29/05/2025,01:00:00,11.8277,1.3804,1.4041,0.8203,0.8164,30.025,0.844,241.86,1,0,45.9437,36.175,57.4875,,,
29/05/2025,02:00:00,11.8805,1.5073,1.5379,0.8787,0.8785,30.5438,0.99,234.58,1,1,46.3812,36.0375,55.7437,,,
29/05/2025,03:00:00,11.7897,1.5091,1.541,0.8207,0.8269,28.4312,0.907,230.52,1,1,46.8562,35.9375,55.3375,,,
29/05/2025,04:00:00,11.8148,1.6281,1.6556,0.9264,0.9284,30.4937,3.475,244.5,1,0,47.275,35.85,53.3937,,,
29/05/2025,05:00:00,11.7799,1.464,1.4911,0.8908,0.8947,28.3875,3.029,240.2,1,0,47.9812,35.8125,57.8375,,,
29/05/2025,06:00:00,11.778,1.5182,1.548,0.8868,0.8883,28.8187,0.884,229.9,1,0,48.3687,35.7437,54.1937,,,
29/05/2025,07:00:00,11.8569,1.5939,1.6219,0.9238,0.9185,29.3687,5.112,245.9,1,1,48.8875,35.875,48.7375,,,
29/05/2025,08:00:00,11.7391,1.6167,1.6464,0.8785,0.8851,29.1937,0.984,231.56,1,1,49.1,35.8312,50.225,,,
29/05/2025,09:00:00,11.8289,1.3012,1.3292,0.7641,0.7608,28.25,3.302,266.52,1,0,49.45,35.9688,42.1312,,,
29/05/2025,10:00:00,11.8756,1.6491,1.6709,1.0012,0.9957,29.3,0.897,255.04,1,0,49.7,35.975,38.9312,,,
29/05/2025,11:00:00,11.7949,1.6128,1.6342,0.9179,0.9155,29.9875,0.955,251.28,1,0,49.4187,35.9875,40.7812,,,
29/05/2025,12:00:00,11.83,1.6897,1.7156,0.9135,0.9069,29.8563,0.911,243.82,1,1,49.1375,36.1,33.6063,,,
29/05/2025,13:00:00,11.8176,1.8,1.8284,0.9634,0.9605,28.3812,0.861,238.1,1,1,49.4187,36.2437,32.6312,,,
29/05/2025,14:00:00,11.8266,1.6976,1.7239,0.978,0.9789,29.6063,2.959,248.46,1,0,49.5375,36.4688,40.9375,,,
29/05/2025,15:00:00,11.8686,1.7619,1.7737,1.0218,1.0181,30.9188,0.869,232.46,1,0,49.7812,36.5,44.3187,,,
29/05/2025,16:00:00,13.0754,4.2986,4.376,1.9777,1.9906,28.3937,0.922,271.58,1,1,46.0062,36.6187,0,,,
29/05/2025,17:00:00,11.8027,2.339,2.3622,1.1338,1.1495,28.8937,5.365,289.64,1,1,50.0687,36.7375,0.8,,,
29/05/2025,18:00:00,11.7153,1.4754,1.5016,0.8383,0.84,29.9875,0.871,269.48,1,1,49.1562,36.9625,31.4875,,,
29/05/2025,19:00:00,11.8063,1.4028,1.4294,0.8159,0.8109,29.9688,3.231,275.76,1,0,48.3562,37.1125,47.5938,,,
29/05/2025,20:00:00,11.8461,1.4504,1.4784,0.8599,0.8588,29.4188,0.883,258.4,1,0,47.2,37.4062,50.8312,,,
29/05/2025,21:00:00,11.8613,1.5222,1.5506,0.8614,0.849,28.8812,0.875,245.16,1,1,44.7937,37.4625,47.3,,,
29/05/2025,22:00:00,11.8219,1.5948,1.6206,0.8522,0.8409,29.925,0.904,240.88,1,1,49.6187,37.625,40.625,,,
29/05/2025,23:00:00,11.8769,1.6639,1.6928,0.8789,0.8741,29.75,0.928,239.82,1,1,47.0062,37.6312,41.8562,,,
30/05/2025,00:00:00,11.6981,1.4933,1.5213,0.9063,0.9089,29.45,3.049,250.7,1,0,49.8562,37.6937,49.525,,,
30/05/2025,01:00:00,11.7971,1.4719,1.4986,0.8553,0.8608,28.1937,0.941,238.46,1,0,48.0625,37.6187,47.2,,,
30/05/2025,02:00:00,11.8925,1.6285,1.6543,0.9529,0.9443,29.9625,0.863,237.22,1,1,42.3187,37.7,45.3875,,,
30/05/2025,03:00:00,11.7751,1.6521,1.6801,0.9102,0.91,30.025,0.883,239.84,1,1,49.3438,37.7062,41.2375,,,
30/05/2025,04:00:00,11.792,1.7195,1.7462,0.9435,0.9343,28.5375,3.51,250.78,1,0,47.9688,37.825,39.2812,,,
30/05/2025,05:00:00,11.8857,1.6491,1.6753,1.0292,1.0382,29.6562,20.346,261.36,1,0,46.4937,37.9937,46.35,,,
30/05/2025,06:00:00,11.7231,1.6508,1.6766,1.0102,1.0095,29.4813,0.909,245.3,1,0,44.8125,38.075,42.125,,,
30/05/2025,07:00:00,11.8047,1.6276,1.6569,0.9535,0.9362,29.0687,9.45,260.56,1,1,44.4812,38.275,37.6625,,,
30/05/2025,08:00:00,11.8548,1.6876,1.7213,0.8879,0.8818,29.9437,0.859,248.74,1,1,43.4875,38.1937,28.7875,,,
30/05/2025,09:00:00,11.8095,1.7068,1.7339,0.9214,0.9317,28.2938,3.09,260,1,0,45.3812,38.325,23.0812,,,
30/05/2025,10:00:00,11.7952,1.5576,1.5891,0.917,0.9021,29.925,0.839,256.6,1,0,46.85,38.425,31.125,,,
30/05/2025,11:00:00,11.8832,1.6801,1.7099,0.8986,0.9161,29.5562,0.83,243.2,1,0,50.1,38.4188,20.1125,,,
30/05/2025,12:00:00,11.6382,1.7724,1.8031,0.9367,0.9367,30.4813,0.821,241.18,1,1,49.9125,38.375,6.9688,,,
30/05/2025,13:00:00,11.8351,1.8529,1.8814,0.9227,0.9201,29.8625,0.832,241.66,1,1,49.6562,38.5312,1.55,,,
30/05/2025,14:00:00,11.8527,1.7882,1.8127,0.959,0.9583,29.9813,3.23,254.9,1,0,49.5312,38.6937,0,,,
30/05/2025,15:00:00,11.7727,1.6495,1.6753,0.8894,0.8936,28.9,0.859,248.66,1,0,49.7625,38.7625,2.25,,,
30/05/2025,16:00:00,11.8388,2.5026,2.5332,1.2036,1.1937,29.9312,0.862,256.52,1,1,50.2625,38.8312,0,,,
30/05/2025,17:00:00,11.6943,2.6435,2.6829,1.3462,1.3488,28.2938,0.881,299.48,1,1,50.2687,38.9875,0,,,
30/05/2025,18:00:00,11.7908,1.4496,1.4793,0.7702,0.7722,29.55,0.822,262.32,1,1,44.8625,38.9188,0,,,
30/05/2025,19:00:00,12.2272,2.4383,2.4633,1.0839,1.0797,29.4062,3.035,286.82,1,0,47.35,39,0,,,
30/05/2025,20:00:00,11.7985,2.1045,2.1369,0.9995,1.0071,29.95,0.804,280.18,1,0,49.975,38.95,0,,,
30/05/2025,21:00:00,12.0458,2.64,2.6684,1.2569,1.2644,29.6812,0.767,294.74,1,1,49.1,38.9375,0,,,
30/05/2025,22:00:00,11.6878,2.2651,2.2944,1.0559,1.0548,29.85,0.906,276.8,1,1,47.1875,38.8625,0,,,
30/05/2025,23:00:00,11.8021,2.5271,2.556,1.1393,1.1441,28.7,0.898,283.84,1,1,42.6625,38.7,0,,,
31/05/2025,00:00:00,11.8556,1.3559,1.3831,0.7969,0.7984,29.4562,2.935,259.82,1,0,49.2687,38.5062,33.9625,,,
31/05/2025,01:00:00,11.7051,1.5721,1.6027,0.9085,0.9137,28.1688,0.866,264.04,1,0,47.5562,38.3312,33.5125,,,
31/05/2025,02:00:00,11.7599,1.5917,1.6206,0.9117,0.9192,29.4188,0.819,252.72,1,1,45.65,38.35,43.3562,,,
31/05/2025,03:00:00,11.7467,1.6622,1.6941,0.912,0.9113,28.8937,0.839,245.9,1,1,43.6375,38.3812,42.6312,,,
31/05/2025,04:00:00,11.8013,1.6438,1.6705,0.8487,0.8595,29.6,3.079,251.44,1,0,49.8625,38.3812,43.35,,,
31/05/2025,05:00:00,11.822,1.5073,1.5379,0.9102,0.9085,29.9813,3.008,255.02,1,0,47.8562,38.375,49.1562,,,
31/05/2025,06:00:00,11.7157,1.5712,1.6023,0.9188,0.9231,29.4437,0.805,243.38,1,0,50.0187,38.1312,44.075,,,
31/05/2025,07:00:00,11.7726,1.7344,1.7637,0.9161,0.9131,29.0438,16.773,257.06,1,1,48.6562,38.0125,31.7938,,,
31/05/2025,08:00:00,11.9023,1.6862,1.7156,0.9492,0.9397,29.3563,0.79,245.54,1,1,46.1312,38.2188,27.4625,,,
31/05/2025,09:00:00,11.6671,1.7418,1.7733,0.9417,0.9397,28.9062,3.141,250.96,1,0,44.2562,38.25,23.6,,,
31/05/2025,10:00:00,11.8174,1.6193,1.6464,0.873,0.8818,29.2938,0.793,254.46,1,0,43.7625,38.3875,12.825,,,
31/05/2025,11:00:00,11.6983,1.7296,1.7562,0.9249,0.9218,28.8062,0.791,256.08,1,0,43.9375,38.5312,0,,,
31/05/2025,12:00:00,11.8066,1.6827,1.7051,0.8735,0.8693,29.8687,0.82,251.36,1,1,44.9437,38.8438,0,,,
31/05/2025,13:00:00,11.8947,1.5344,1.5651,0.8623,0.8741,29.6063,0.843,233.44,1,1,42.3812,38.8937,0,,,
31/05/2025,14:00:00,11.6791,1.7204,1.7462,0.9592,0.9673,30.4562,3.104,261.32,1,0,46.9937,38.8937,28.15,,,
31/05/2025,15:00:00,11.7617,1.5589,1.5852,0.9371,0.9306,29.4562,0.91,253,1,0,47.2437,38.6312,49.2,,,
31/05/2025,16:00:00,11.7164,1.5559,1.5935,0.8829,0.8748,29.4625,0.868,242.06,1,1,48.0062,38.6375,41.9688,,,
31/05/2025,17:00:00,11.7869,1.6263,1.6574,0.8811,0.8888,29.9125,0.844,242.44,1,1,48.9312,38.6063,40.0125,,,
31/05/2025,18:00:00,11.9045,1.6849,1.7138,0.9087,0.9085,29.4188,0.822,240.08,1,1,49.9437,38.5312,36.4375,,,
31/05/2025,19:00:00,11.6884,1.5266,1.5589,0.8802,0.877,30.0312,3.141,256.34,1,0,48.4437,38.5438,50.55,,,
31/05/2025,20:00:00,11.8185,1.4251,1.4535,0.8383,0.8339,29.8937,0.792,255.26,1,0,46.4437,38.6562,51.575,,,
31/05/2025,21:00:00,11.8873,1.5401,1.5664,0.9284,0.9214,29.525,0.791,244.78,1,1,44.4312,38.775,53.2125,,,
31/05/2025,22:00:00,11.8067,1.5786,1.6119,0.9004,0.9008,29.4125,0.844,242.22,1,1,43.75,38.9188,52.2625,,,
31/05/2025,23:00:00,11.8734,1.5891,1.6202,0.912,0.9078,29.9125,4.36,240.9,1,1,43.5437,38.8937,54.2375,,,
01/06/2025,00:00:00,11.7059,1.4907,1.5204,0.9006,0.8897,28.3375,3.211,248.14,1,0,50.0938,38.875,57.2687,,,
*** END OF DATA ***
